customerName,email,phoneNumber
Robert Torres,castanedawilliam@yahoo.com,(422)-(614)-(8081)
Kevin Johnson,xbrown@tyler.net,(326)-(563)-(7942)
Michelle Tate,jessicasmith@castaneda.org,(932)-(024)-(6595)
April Garcia,chernandez@yahoo.com,(001)-(977)-(9186)
Christopher Cohen,susanmartinez@harrell.biz,(519)-(596)-(0287)
Russell Jones,landryjohn@martinez-walsh.net,(556)-(833)-(1330)
James Chandler,allenmelissa@yahoo.com,(590)-(148)-(3473)
Stacey Allison,jennifertucker@hill-harris.com,(875)-(811)-(5953)
Andrew Roberts,epeterson@mitchell.info,(513)-(153)-(2439)
David Walker,christophercrawford@hotmail.com,(396)-(337)-(9423)
Samuel Walker,merrittmegan@gmail.com,(269)-(116)-(9370)
Henry Huynh,eugenewall@gmail.com,(875)-(488)-(1986)
Albert Sanders,jilljones@brown.com,(097)-(495)-(9790)
Matthew Stout,sarah29@johnson.net,(551)-(059)-(6468)
Benjamin Gilbert,morganmaurice@willis.com,(151)-(483)-(9423)
Brian Donaldson,conniebennett@davis.org,(001)-(491)-(9464)
Nathaniel Green,jeff67@morales.net,(574)-(848)-(1834)
Kenneth Velazquez,ewhite@gmail.com,(001)-(662)-(2469)
Connor Lee,seanwilliams@gmail.com,(001)-(759)-(1699)
Amanda Rodriguez,ashleyvargas@yahoo.com,(194)-(865)-(9003)
Robert Perez,tatejesse@dominguez.net,(449)-(446)-(9592)
Vincent Stevens,dennis67@ward.org,(199)-(429)-(2673)
Craig Becker,jillbowers@hotmail.com,(305)-(211)-(1868)
Edgar Ellis,robert54@rice.com,(237)-(903)-(5186)
Brandon Moore,patrickrodriguez@hotmail.com,(001)-(276)-(6876)
Madison Hoffman,amyhamilton@gmail.com,(446)-(106)-(4297)
Whitney Burton DVM,millsedwin@gallagher.com,(180)-(394)-(8385)
Tiffany Moore,brownsusan@hotmail.com,(001)-(915)-(6325)
Cathy Green,wileybrandon@gmail.com,(081)-(617)-(5528)
Nicole Smith,mhutchinson@gmail.com,(001)-(796)-(9177)
Matthew Rios,sandra20@gmail.com,(001)-(684)-(2575)
Heidi Rosales,andreabrown@gmail.com,(801)-(026)-(1014)
Hannah Paul,kingjason@russo.net,(877)-(298)-(7117)
Ricardo Mata,collinsmatthew@hotmail.com,(188)-(712)-(8498)
Jonathan Moore,jamesbrock@yahoo.com,(612)-(482)-(8708)
Jonathan Smith,eric13@yahoo.com,(143)-(375)-(2373)
Christopher Miller,heather92@yahoo.com,(236)-(446)-(2192)
William Adams,alyssaallen@welch.com,(162)-(514)-(8339)
Stacy Roth,garciamichael@yahoo.com,(235)-(589)-(4467)
Jennifer Roberson,umoon@smith.com,(123)-(470)-(3800)
Adam Schmidt,johnwilson@jackson.com,(184)-(734)-(2304)
Matthew Smith,steven08@jones.com,(530)-(771)-(7039)
Timothy Hoffman,griffinariel@hotmail.com,(143)-(221)-(4595)
Deborah King,nathan96@clark.com,(771)-(071)-(4172)
Michelle Jones,grayjennifer@castro.com,(193)-(452)-(7298)
Tami Byrd,maria68@hotmail.com,(225)-(560)-(2601)
Ashley Green,peter58@gmail.com,(694)-(362)-(3911)
Angel Anderson,alyssa15@hunter-johnson.biz,(306)-(168)-(8508)
Timothy Freeman,denisefranklin@mosley-miller.net,(132)-(704)-(7084)
Jeffrey Frederick,joshua84@jenkins-holden.com,(173)-(890)-(8850)
Wendy Greene,brittany86@hotmail.com,(749)-(719)-(9334)
Anne Lee,beverly96@johnson-pineda.info,(208)-(565)-(8840)
Richard Estrada,kjohnston@hotmail.com,(188)-(548)-(6000)
John Munoz,smithdaniel@gmail.com,(353)-(019)-(5588)
Jacob Davis,petershannah@gmail.com,(689)-(392)-(5858)
Timothy Powell,jgilbert@stone.com,(992)-(181)-(0984)
Gavin Parsons,bbutler@scott-richardson.com,(001)-(607)-(2431)
Sonya Williams,oryan@hotmail.com,(001)-(950)-(5369)
Connor Gonzalez,emily39@hill.net,(867)-(439)-(7527)
Keith Schmidt DDS,chelsea04@yahoo.com,(183)-(737)-(1193)
James Griffith,hallmichael@davis-johnson.com,(001)-(442)-(5610)
Ricardo Young,adamskimberly@yahoo.com,(178)-(641)-(0033)
Jesse Owens,carlos99@hotmail.com,(080)-(151)-(1397)
Sandra Sanders,jflores@johnston.com,(939)-(852)-(1881)
Amber Russell,khorton@rodgers.com,(001)-(390)-(4059)
Jeffrey Anderson,qtorres@ramirez-wilson.com,(148)-(190)-(5549)
Joseph Williams,fsmith@ward.com,(178)-(905)-(6204)
Gabriel Orr,turnerkatelyn@gmail.com,(769)-(919)-(3752)
Manuel Johnson,danielle08@murray-nelson.net,(529)-(124)-(1158)
Meghan Watson,josephthomas@gmail.com,(633)-(409)-(0574)
Ashley Morris,patriciaboyd@yahoo.com,(135)-(203)-(3696)
Anthony Wright,mthornton@taylor-clark.com,(143)-(456)-(0484)
Greg Rodriguez,johnsonrussell@yahoo.com,(846)-(430)-(4195)
Kristin Green,jamie24@gmail.com,(054)-(979)-(6654)
Denise Nguyen,acamacho@gonzalez.com,(204)-(163)-(9386)
Jack Walker,spencer38@hotmail.com,(918)-(664)-(1994)
Robert Stewart,rparker@yahoo.com,(149)-(011)-(5287)
Eric Walker,erobertson@rogers-santos.com,(531)-(372)-(1764)
Barbara Rodriguez,blevinskimberly@yahoo.com,(149)-(317)-(8424)
Richard Michael,karen35@yahoo.com,(103)-(362)-(4546)
Robert Lewis,mdickson@hotmail.com,(184)-(600)-(9942)
Benjamin Zuniga,meyersmelanie@gmail.com,(067)-(359)-(9315)
Jennifer Mendoza,usmith@gmail.com,(174)-(290)-(2734)
Kevin Rodriguez,ginarobbins@yahoo.com,(001)-(152)-(6739)
Daisy Graham,robin15@hotmail.com,(001)-(504)-(1733)
Kimberly Medina,apeters@ferrell-rivas.com,(001)-(003)-(6125)
Tyrone Torres,courtneychavez@hotmail.com,(370)-(935)-(3625)
Larry Watson,hollymoore@gonzalez.info,(001)-(769)-(2932)
Cheryl Maddox,butlercynthia@gmail.com,(526)-(278)-(9734)
Nicholas Herman,hnichols@white.net,(418)-(468)-(7851)
Erin Schneider,denisesmith@villarreal.com,(304)-(994)-(2803)
Andrea Walker,cantujohn@johnson.com,(001)-(370)-(2477)
Brittany Griffin,michael84@gomez.com,(184)-(708)-(2382)
Katelyn Smith,ashleyaguirre@yahoo.com,(176)-(394)-(6250)
Brooke Howard,ccampbell@lewis-kennedy.info,(001)-(079)-(8497)
Lauren Gonzalez,robertgiles@parks.net,(682)-(114)-(0879)
Michelle Moreno,vespinoza@lewis.com,(804)-(144)-(3533)
Ryan Howard,emartin@gmail.com,(511)-(614)-(9662)
Erika Brown,delacruzamy@moyer.com,(768)-(931)-(4830)
Jonathan Hall,coxkristine@gmail.com,(001)-(106)-(5600)
Vicki Miles,bethany72@hotmail.com,(237)-(174)-(3962)
David Nelson,dwright@bates.com,(914)-(881)-(0259)
Matthew Montgomery,ttucker@gmail.com,(152)-(938)-(0883)
Catherine Reese,zlewis@gmail.com,(887)-(269)-(2811)
Taylor Roberts,michael28@yahoo.com,(470)-(163)-(8171)
Sean Gray,steven45@hernandez.com,(110)-(517)-(8338)
Patrick Acosta,johnarroyo@reeves.info,(655)-(220)-(4521)
Alexandria Holmes,alexpitts@hotmail.com,(825)-(058)-(2406)
Kimberly Lyons,nancy46@hotmail.com,(130)-(590)-(1964)
Lisa Lyons,sarah08@rogers-carrillo.biz,(519)-(035)-(4229)
Suzanne Vargas,oblanchard@price-shields.org,(315)-(158)-(3661)
Kristina Martin,erinbuck@gmail.com,(891)-(036)-(2256)
Timothy Garcia,rhodeskelly@lara-schwartz.com,(957)-(344)-(1953)
Stephanie Trujillo,wesleylittle@russell.net,(275)-(753)-(7327)
Kevin Joseph MD,gcross@sanders.org,(732)-(251)-(7592)
Tina Patterson,wmiller@gmail.com,(191)-(740)-(3625)
Ashley Kim,brendangreen@fleming-gordon.biz,(823)-(115)-(9869)
Brenda Lopez,rachel20@gmail.com,(844)-(985)-(1338)
Jason Austin,clarkjason@mccarthy.com,(001)-(237)-(0042)
Candice Mcguire,gregory91@hotmail.com,(691)-(384)-(3474)
Steven Fuentes,xgomez@hotmail.com,(967)-(210)-(5489)
Lindsay Fuller,kprice@phillips.com,(543)-(693)-(6272)
Jessica Howe,matthewwhite@yahoo.com,(378)-(084)-(3377)
Joshua Martinez,jenniferhill@gmail.com,(001)-(088)-(5878)
Brandon Rogers,campbellchristopher@gmail.com,(168)-(090)-(9471)
Lori Guzman,nanderson@hotmail.com,(588)-(347)-(6911)
Kristen Mitchell,brianlee@pace.info,(870)-(307)-(0052)
Dorothy Nelson,kristina39@henderson.com,(687)-(554)-(0905)
Michael Conway,igraham@hotmail.com,(233)-(055)-(7960)
David Davis,wrightangela@yahoo.com,(188)-(957)-(3661)
Dennis Smith,michelle81@hotmail.com,(001)-(541)-(8822)
Andrea Lewis,gordonjeffrey@hotmail.com,(269)-(131)-(1016)
Charles Valdez,jamesgomez@ward-jackson.com,(001)-(348)-(1949)
William Huffman,iharrington@hotmail.com,(637)-(128)-(9185)
Louis Hays,wayne72@bennett.org,(690)-(017)-(6003)
Laura Shaw,kellersharon@james-wilson.biz,(511)-(140)-(8199)
Benjamin Campbell,alyssa16@schmidt.com,(627)-(627)-(3090)
Jeffrey Johnson,taylordebbie@gmail.com,(001)-(748)-(3811)
Jason Curry,tracy00@yahoo.com,(091)-(861)-(9228)
Michael Castro,hernandezpeter@hotmail.com,(837)-(364)-(4818)
David Davis,colemangerald@yahoo.com,(036)-(959)-(7515)
Kevin Kane,john44@kelly.com,(113)-(948)-(4951)
Joseph Powers,debbie53@gardner.com,(713)-(160)-(5073)
James Patel,zmiller@murray.com,(001)-(733)-(6881)
Andrew Graves,fshaw@hotmail.com,(780)-(962)-(8233)
Glenda Jordan,johnprice@yahoo.com,(176)-(548)-(9721)
Luis Jones,sarah21@hotmail.com,(115)-(755)-(8278)
Dr. Kiara Bartlett,robertsmith@mann.com,(355)-(777)-(3995)
Annette Heath,dgentry@green.info,(001)-(331)-(1385)
Charles Mitchell,wadecynthia@ward-smith.com,(891)-(459)-(7232)
Katherine Wilson,iwilson@yahoo.com,(001)-(052)-(9465)
Deborah Garcia,ellisjohn@hotmail.com,(107)-(143)-(0041)
Dakota Jones,kylerogers@yahoo.com,(118)-(012)-(5073)
Ana Carter,johnsonkevin@hotmail.com,(869)-(858)-(8868)
Zachary Rivera Jr.,gmccarthy@yahoo.com,(592)-(524)-(1669)
Amanda Roach,amyhays@jackson.com,(932)-(860)-(6556)
Joanna Payne,cochranmichael@ramirez.org,(183)-(344)-(7595)
Kevin Mendoza,dixondavid@humphrey.com,(580)-(346)-(7761)
Angela Patterson,hwaters@taylor.com,(163)-(314)-(5644)
Tracy Rogers,eperkins@meadows.info,(001)-(175)-(6367)
Alexander Price,joshua18@boyer.com,(675)-(896)-(9110)
Alyssa Wilkinson,brandonmorales@anderson-richard.com,(749)-(119)-(3941)
Sarah Sullivan,gallowayjose@gmail.com,(129)-(813)-(5807)
Morgan Martinez,hhowell@davis.info,(001)-(795)-(9791)
Jesse Smith,kdavidson@gmail.com,(345)-(242)-(9960)
Dawn Cooper,gallowaymartha@yahoo.com,(902)-(408)-(5750)
Susan Scott,jennifer99@gmail.com,(181)-(471)-(8618)
Jacob Haley,jeffreycollins@yahoo.com,(806)-(799)-(7905)
Megan Matthews,nathanielwalker@yahoo.com,(334)-(807)-(9554)
Sabrina Cruz,michael86@hotmail.com,(351)-(158)-(6853)
Robert Johnson,osherman@gmail.com,(573)-(606)-(6018)
John Adams,imorrison@yahoo.com,(001)-(641)-(5778)
Grace Brown PhD,kimberlybrowning@gmail.com,(151)-(366)-(7036)
Douglas Fields,ross24@mata.com,(149)-(398)-(9485)
Tracy Cooley,michael32@walls.com,(156)-(360)-(7755)
Jill Cox,qkirk@hinton.biz,(001)-(233)-(4316)
Katrina Scott,calebbennett@gmail.com,(392)-(615)-(1918)
Christina Morse,osbornjulie@yahoo.com,(050)-(692)-(7955)
Alyssa Chavez,martinezangel@hotmail.com,(452)-(980)-(5517)
Jose Leon,flong@hotmail.com,(880)-(307)-(0926)
Jacqueline Cunningham,jennifer09@yahoo.com,(581)-(822)-(4869)
Isaiah Diaz,wyattjacqueline@harvey.com,(001)-(001)-(8303)
Andrew Evans,jeffrey06@ferrell-sanchez.biz,(001)-(459)-(7035)
Destiny Hines,dcollins@hotmail.com,(278)-(601)-(5657)
Charles Fox,michaelharvey@hotmail.com,(168)-(083)-(2990)
Timothy Meyer,josephwhite@shaw.org,(193)-(424)-(9820)
Chad King,davidmichael@gmail.com,(981)-(473)-(4011)
Madeline Chandler,caitlinramsey@gmail.com,(881)-(226)-(9915)
Tonya Alvarez,isabellawheeler@gmail.com,(562)-(241)-(1446)
Lisa Love,brandywoods@yahoo.com,(498)-(824)-(4212)
Sheri Smith,jwhitney@robinson.org,(169)-(865)-(9113)
Patricia Haas,denisepayne@jones.com,(649)-(978)-(7400)
Annette Walker,alyssaruiz@gmail.com,(001)-(444)-(8792)
Kayla Smith,browntim@hotmail.com,(056)-(542)-(8633)
Jennifer Fitzpatrick,john45@anderson.com,(034)-(118)-(6378)
Ronald Young,loweanthony@mcdowell.org,(132)-(155)-(1962)
John Lawson DDS,jshields@gmail.com,(196)-(728)-(7409)
Thomas Rollins,bentonvictoria@ryan.com,(838)-(612)-(8107)
Alan Miller,andres02@moore.com,(040)-(018)-(4593)
Lisa Sellers,davidwilliams@valdez.com,(129)-(683)-(7217)
Tammie Fitzpatrick,brandi86@sullivan.com,(424)-(466)-(6145)
Michelle Perry,gayryan@yahoo.com,(375)-(256)-(6106)
Aaron Baker,markhill@craig.net,(460)-(180)-(2121)
Jennifer Petersen,williammcgrath@bauer.biz,(135)-(422)-(5414)
Pamela Sims,tiffanyhenderson@mendoza-martinez.info,(194)-(813)-(5073)
Julie Jenkins,corey90@perry.com,(116)-(982)-(4282)
Jacqueline Reyes,vhart@porter-williams.info,(199)-(644)-(9369)
Jeffrey Schwartz,cynthia84@lee-vance.com,(263)-(807)-(9557)
Jennifer Wilson,tarias@vargas-gray.com,(878)-(401)-(5610)
Robert Martinez,johnnelson@long.com,(119)-(683)-(9773)
Dr. Lisa Beasley DDS,zhernandez@may.info,(743)-(193)-(4843)
Marilyn Palmer,amorrison@hotmail.com,(480)-(194)-(2955)
Elizabeth Smith,jdelgado@evans-stephens.com,(782)-(055)-(0778)
Julie Hamilton,nicholasmartin@walker-riggs.com,(116)-(767)-(6643)
Jacob Davenport,jessemiller@gmail.com,(540)-(872)-(4404)
Judith Baker,rball@hotmail.com,(001)-(112)-(3651)
Vincent Buchanan,mvega@hotmail.com,(253)-(808)-(7680)
Lee Smith,erinjones@ruiz.com,(001)-(725)-(7087)
Michael Ruiz,william45@gregory.net,(107)-(588)-(6156)
Mary Fleming MD,gmaldonado@steele.info,(149)-(659)-(9397)
Dale Turner,willie00@ramirez.biz,(652)-(914)-(1291)
Becky Gordon,wcooper@hotmail.com,(102)-(305)-(9741)
Thomas Lynn,lopezcourtney@owens-henry.com,(548)-(796)-(8498)
Robin Williams,martinezcasey@snow.com,(065)-(279)-(9097)
Heidi Clark,ralph06@yahoo.com,(001)-(104)-(6925)
Anthony Henson,edavies@morrison-brown.org,(689)-(577)-(1598)
Miguel Gordon,mstone@gmail.com,(717)-(067)-(8839)
Kimberly Miller,riosjoseph@yahoo.com,(117)-(028)-(0285)
Keith Singleton,amorrison@hotmail.com,(173)-(509)-(3047)
Amy Lawrence,hnewton@patterson-martinez.net,(001)-(020)-(0515)
Maria Moore,williamskarl@hotmail.com,(355)-(828)-(4955)
Angela Valenzuela,markwilliams@gmail.com,(140)-(660)-(1388)
Jack Perez,barajasdavid@yahoo.com,(319)-(748)-(2619)
Debra Parker,jennifer54@lane-wilson.com,(212)-(854)-(8828)
Thomas Wright,deangarza@gutierrez-becker.info,(285)-(239)-(4825)
Sara Wilson,susanrodgers@yahoo.com,(464)-(421)-(3600)
Roy Morris,pfletcher@thompson-cardenas.com,(047)-(171)-(7593)
Brandon Williams,david91@gibson.com,(871)-(721)-(7377)
Darlene Elliott,andrewwilliams@yahoo.com,(001)-(633)-(9102)
Richard Bray,estradamegan@werner.com,(001)-(664)-(0532)
Jerry Montgomery,awilliams@cole-chavez.com,(953)-(265)-(2658)
Gary Perry,coreyhall@morales-mueller.com,(009)-(959)-(5711)
Justin Walker,tdavis@patterson-elliott.com,(783)-(124)-(4790)
Tonya Martinez,wdecker@hotmail.com,(138)-(847)-(5619)
Mark Miller,emily30@watson.com,(528)-(680)-(2182)
Allen Martinez,patricia46@vang-robinson.com,(743)-(219)-(6065)
Andrew Cruz,elewis@mckay.info,(250)-(024)-(3251)
Brian Ayala,shawn85@white.com,(001)-(640)-(5094)
Joseph Kidd,lydiabryant@taylor.org,(627)-(058)-(5837)
Edward Rivera,mark54@hotmail.com,(001)-(238)-(6642)
Jeffrey Leach,gouldalan@gmail.com,(385)-(708)-(6670)
Amanda Payne,nleach@huffman.biz,(757)-(452)-(7298)
Travis Jackson,heatheryoder@mercer-graham.com,(001)-(947)-(5698)
Christopher Gray,oliverchelsea@diaz.com,(082)-(687)-(5579)
William Decker,carolandrews@long-doyle.com,(793)-(609)-(1374)
Gina Larson,jennakelly@hotmail.com,(202)-(735)-(9071)
Theresa Lawson,danfreeman@cooper-barnes.biz,(185)-(196)-(8333)
Donald Larsen,stanley76@murray.com,(001)-(578)-(3752)
Brett Morales,kenneth26@gmail.com,(847)-(835)-(8536)
David King,xcamacho@davis.biz,(001)-(505)-(4392)
Janet Bradley,adambryan@johnson.biz,(677)-(914)-(5404)
Vanessa Hale,thendricks@yahoo.com,(488)-(220)-(8769)
Brianna Glass DDS,brandon94@gmail.com,(001)-(979)-(6702)
Summer Lowe,grogers@hotmail.com,(421)-(926)-(4163)
Stephen Smith,sandra88@lawrence-dean.com,(637)-(442)-(2107)
Ian Walker,samuel54@parker.net,(020)-(440)-(3094)
Cristina Baker,jacksonpeter@hotmail.com,(128)-(471)-(2409)
Zachary Hernandez,walterslucas@poole.biz,(003)-(163)-(4514)
Austin Park,wrightmatthew@gmail.com,(810)-(023)-(5126)
Sean Benson,kirbyjames@hotmail.com,(129)-(704)-(4571)
Dominique Ellis,jonesanthony@hotmail.com,(154)-(014)-(4230)
Courtney Fox,mariaanderson@navarro-williams.com,(836)-(735)-(5158)
Anna Wallace,uswanson@dougherty.com,(168)-(227)-(6835)
Briana Velasquez,michael42@gmail.com,(118)-(862)-(8178)
Joshua Thompson,rodriguezdaniel@gmail.com,(223)-(826)-(2213)
Cynthia Anderson,bradleymartinez@armstrong-williams.com,(107)-(733)-(5517)
William Perez,mike37@hotmail.com,(972)-(730)-(1656)
Donald Dixon,keithaustin@washington-hurst.com,(983)-(041)-(6155)
Robert Obrien,ryancross@gmail.com,(150)-(679)-(8587)
Luis Cobb,saunderskelly@sparks.com,(282)-(830)-(9386)
Jessica Alvarez,lpeterson@gmail.com,(323)-(535)-(3175)
Robert Mitchell,garciajacqueline@yahoo.com,(025)-(330)-(2145)
Sarah Yang,penningtonrichard@fisher.com,(028)-(975)-(0150)
David Rodriguez,dorseyjohn@lawrence.com,(203)-(225)-(8736)
Susan Reynolds,xbarnes@yahoo.com,(600)-(843)-(2467)
Terry Watkins,rebeccarobbins@smith.info,(054)-(489)-(4638)
Bryce King,katherineperkins@hotmail.com,(597)-(807)-(7475)
Edward Weeks,josephmorris@gmail.com,(717)-(826)-(1981)
Alexandra Skinner,sarameyer@leblanc.net,(001)-(148)-(2175)
Anthony Martin,xnorton@yahoo.com,(133)-(358)-(9192)
Paige Ferguson,bakerwilliam@schwartz.com,(435)-(966)-(6490)
Kenneth Howard,pauloliver@welch.biz,(410)-(546)-(7519)
Shannon Miller,preid@gmail.com,(001)-(122)-(7928)
Donald Pacheco,nmoore@munoz-rodriguez.net,(685)-(022)-(1158)
Melissa Franklin,projas@gmail.com,(888)-(675)-(6838)
Tina Gardner,qjohnson@hotmail.com,(160)-(496)-(8383)
Kathryn Morgan,pacelisa@garcia.net,(707)-(996)-(5310)
Angela Horne,anna88@hernandez.com,(896)-(648)-(1703)
Ashley Swanson,kellysoto@yahoo.com,(001)-(990)-(8366)
Catherine Cabrera,gcampbell@solis.com,(419)-(018)-(9019)
