country,city,postalCode,provinceState,streetName
Sao Tome and Principe,New Timothyview,68690,Florida,Garcia Cove
Svalbard & Jan Mayen Islands,East Davidbury,37246,Delaware,Sara Islands
Faroe Islands,West Mathew,95614,Georgia,Louis Forge
Uganda,Austinmouth,65872,West Virginia,David Centers
Maldives,Lake Amanda,15601,Louisiana,Hebert Knoll
Cuba,West Sethchester,33694,Virginia,Nathaniel Track
Saint Martin,South Miguelburgh,63520,New York,Edward Island
Kyrgyz Republic,Jenniferview,89528,Mississippi,Kyle Groves
Niue,South Jasonmouth,25672,Arkansas,Darrell Ways
Holy See (Vatican City State),Port Samanthaton,78623,Arizona,Baldwin Brook
Colombia,Rodriguezside,45116,Arkansas,Anne Meadows
Macao,South Kyleview,69162,Oklahoma,Melinda Islands
Bolivia,Glovermouth,85431,Illinois,Saunders Point
Nauru,New Erika,82988,Louisiana,Lopez Fall
Poland,East Sierra,93767,North Dakota,Miranda Shore
Taiwan,East Alexanderfurt,61070,Arkansas,William Isle
El Salvador,East Jeffreyville,40613,Nebraska,Love Ford
Sweden,South James,80023,New Jersey,Tony Crossroad
Cuba,Campbellchester,05330,New York,Jessica Avenue
Greece,Jenniferview,65173,Massachusetts,Katrina Pass
Netherlands Antilles,North Kristin,32398,Connecticut,Kerry Shore
Finland,Hayesport,17470,Virginia,Claire Parkways
Uganda,New Toni,07061,Mississippi,Brown Islands
Brunei Darussalam,Lewishaven,28783,Massachusetts,Anderson Corner
Cook Islands,West Christopher,35831,North Carolina,Bryan Green
Cameroon,Lake Melissa,61401,Indiana,Sims Place
Canada,West Malik,11020,Alaska,Gay Crossroad
Costa Rica,East Jimmy,80540,Texas,Fisher Shoals
Liechtenstein,Lake Michael,93651,New Jersey,Edwin Road
Dominica,Christopherstad,48997,Missouri,Shannon Flat
Monaco,North Jessica,50514,Mississippi,Lewis Prairie
Myanmar,Timothybury,26629,Montana,Osborne Garden
Saint Kitts and Nevis,Lake Cassandraville,70565,Missouri,Villarreal Fords
Norway,East Richardshire,65623,Missouri,Carter Throughway
Qatar,Dennisfurt,40826,Louisiana,Robles Prairie
Sao Tome and Principe,East Hollyberg,24994,Michigan,Michele Courts
Ireland,North Omarstad,59601,California,Stokes Meadow
Ethiopia,Jasonstad,93003,Wisconsin,Conway Shore
Liechtenstein,Jacquelinemouth,66735,Arizona,Boyle Mission
Switzerland,North Benjaminhaven,67508,Kansas,Lauren Keys
Cameroon,Carlyton,02354,Pennsylvania,Brenda Branch
Anguilla,Sandersshire,69209,Maine,Alexander Circles
Sierra Leone,Curtistown,98893,Maryland,Conley Shoals
Antarctica (the territory South of 60 deg S),New Luke,21790,California,Brooks Branch
Namibia,East Stephanie,16780,Wyoming,Mendoza Stravenue
Trinidad and Tobago,Harrisonstad,27109,Indiana,Rowe Station
Bolivia,West Meganport,05310,Kentucky,Mullins Causeway
Sao Tome and Principe,Lake Anthonyshire,04601,Mississippi,Pham Unions
Italy,Lake Codyhaven,29308,Massachusetts,Mark Drives
Gambia,Millermouth,61430,Connecticut,Blake Skyway
Montenegro,Rochaport,26582,Kansas,James Mountains
Guinea-Bissau,Floydborough,10098,Texas,Williams Glens
Bulgaria,Bryantfort,16052,New Hampshire,Baker Parkway
South Africa,Holmeshaven,56267,Georgia,William Oval
Afghanistan,South Seantown,46132,Kentucky,Atkins Path
Samoa,Bryanbury,18055,Mississippi,Brian Plains
Equatorial Guinea,Jonathanport,54553,Missouri,Fletcher Harbors
Honduras,South Lauriebury,93744,New York,Edwards Parks
Sao Tome and Principe,Port Kristinaville,64532,California,Ashley Vista
Bosnia and Herzegovina,South Codyside,62736,Pennsylvania,Bartlett Shoals
Jordan,North Ericville,71959,Oklahoma,Travis Light
Heard Island and McDonald Islands,Lake Jennaland,11182,Hawaii,Fred Mount
Mauritania,Port Melissa,47554,Michigan,Ortega Place
Palestinian Territory,South Patricia,39386,Oregon,Jackson Squares
American Samoa,North Amberborough,10714,California,Mindy Inlet
Barbados,Monicaberg,97853,Indiana,Waters Falls
Uruguay,New David,26243,Kentucky,Amanda Trafficway
Madagascar,Meganmouth,56373,Alaska,Snyder Rapids
Western Sahara,Lake Eric,51459,Alabama,Brenda Ridges
Haiti,Pottschester,17180,North Dakota,Amanda Circle
Tuvalu,Mccartytown,81280,Hawaii,Stephens Drive
Haiti,East Micheleshire,25680,North Dakota,Donald Walk
Palestinian Territory,East Andrewborough,02192,Florida,Renee Throughway
Mali,East Danaside,27077,South Carolina,Perez Flat
Togo,New Matthew,53160,Tennessee,Adams Terrace
Marshall Islands,New Brenda,16454,Florida,Lopez Turnpike
Montenegro,Jameschester,23042,South Dakota,Miller Locks
Poland,Lake Amyton,92992,Maryland,Fuller Islands
Vietnam,Francohaven,23886,South Carolina,Kimberly Shores
Chad,Ramirezberg,50906,Nevada,Shannon Ports
Cyprus,Alanberg,50811,Mississippi,Rocha Ports
Marshall Islands,Patriciabury,93427,Wisconsin,Ramsey Light
Samoa,Barkerton,90672,Arizona,Wallace Parkway
United States Virgin Islands,Mindystad,53587,New York,Cindy Glen
Belgium,Hernandezmouth,83836,Maryland,Ramsey Meadows
Martinique,North David,66329,Michigan,Timothy Heights
Guinea-Bissau,Omarstad,63553,Wyoming,Reilly Court
Gibraltar,South Frankbury,89972,Hawaii,Kelly Burg
Tonga,Laurenside,90685,Arkansas,Sarah Ferry
Germany,Port Rickymouth,33357,New Mexico,Blake Lights
Solomon Islands,Lake Ryanville,03513,Virginia,Bowman Expressway
Libyan Arab Jamahiriya,South Melaniefurt,46332,Colorado,Ortiz Tunnel
Turkmenistan,South Adam,39104,New York,Vargas Landing
Northern Mariana Islands,Tracymouth,70034,California,Matthew Road
Faroe Islands,Kimberlyville,66496,Louisiana,Sanchez Burgs
Bahrain,South Charles,56989,Connecticut,Stone Locks
Burundi,Christopherside,90248,Washington,Jackson Village
Croatia,Port Amy,67118,Oklahoma,Edward Knoll
Uzbekistan,Port Jeffrey,95405,Mississippi,Walker Canyon
Australia,North Jamieview,03013,Virginia,Hubbard Loaf
Gambia,Allisonmouth,24293,New Hampshire,Amy Heights
Isle of Man,Combston,11831,Montana,Paula Walk
Denmark,Anthonyview,91390,Georgia,Kim Key
Denmark,Susanland,11416,Missouri,Brandon Knoll
Serbia,Housefort,41205,West Virginia,Davenport Way
Norway,Rebeccaview,20589,Maine,Koch Ranch
Syrian Arab Republic,Sweeneyland,08035,Montana,Fletcher Creek
Senegal,Port Hollychester,88090,Nebraska,Heather Plains
Palestinian Territory,Lake Peter,41020,Pennsylvania,Andre Groves
United States of America,Williamstown,00813,Tennessee,Mark Court
Saint Kitts and Nevis,Lake James,78470,Ohio,Gomez Hills
Saint Barthelemy,Robertside,83878,Maine,Ruiz Mews
Israel,Lake Vanessaville,25897,Kentucky,Vance Station
Saint Lucia,Gardnerburgh,04608,Delaware,Aaron Plains
Qatar,Travisville,38070,Washington,Yates Freeway
Morocco,Lindamouth,25533,Nebraska,James Falls
Macao,Silvamouth,15032,Vermont,Copeland Ford
Cook Islands,Brittanyland,32064,Oregon,Soto Park
Montenegro,Lake Jennaville,95791,Kentucky,Pamela View
Libyan Arab Jamahiriya,Brianview,03106,Virginia,Timothy Corner
Netherlands Antilles,South Rachelmouth,09553,Mississippi,William Meadows
Netherlands Antilles,West Erika,10456,New York,Mathews Lights
Malta,Josephshire,23887,Rhode Island,Nichole Ridge
Syrian Arab Republic,Dannyborough,73421,Pennsylvania,Lester Parkways
Cyprus,Cooperland,45181,Idaho,Webster Shoal
Cambodia,Susanland,96437,Nebraska,Schaefer Unions
Cape Verde,Shannonchester,16145,Alabama,Graves Center
Bhutan,North Deannaborough,91840,Delaware,Melinda Greens
Falkland Islands (Malvinas),Medinaton,23225,North Dakota,Hoffman Dale
Singapore,Benjaminfurt,65147,Colorado,Diana Camp
Papua New Guinea,Marktown,75568,Connecticut,Jessica Trace
San Marino,West William,81520,Nevada,James Crossroad
Benin,South Charlesport,40978,North Carolina,Galvan Walk
Nicaragua,North Marcus,47311,Nebraska,Jessica Place
Taiwan,East Lisa,21003,California,Danielle Estate
Northern Mariana Islands,Lake Debra,40490,Wisconsin,Gonzalez Bypass
Slovenia,West Terryville,10895,Rhode Island,Martinez Rue
Saint Kitts and Nevis,Lake Russell,01918,Florida,Tran Center
China,Alyssaburgh,34656,Louisiana,Mcgrath Ranch
Pitcairn Islands,Stevenfurt,92681,Florida,Shelly Island
Jordan,West Janetburgh,47732,Hawaii,Vazquez Cliff
Korea,Lake Lindseyshire,44220,Kentucky,Smith Grove
Namibia,Harmonberg,06988,Nevada,Foster Trail
Somalia,Bradfordland,85017,Georgia,Douglas Heights
French Guiana,South Katelyn,07090,New York,Mahoney Extensions
Palestinian Territory,North Mariah,27436,Maryland,Gonzalez Locks
Anguilla,Robinsonport,47962,Indiana,Bruce Road
Turks and Caicos Islands,Rebeccaport,70065,New York,Smith Mission
Albania,Brownside,84166,Indiana,Natasha Street
Congo,Reyesmouth,21883,West Virginia,Margaret Prairie
China,Jasonhaven,17040,Kansas,Rebecca Street
Luxembourg,Lake Mary,36995,Idaho,Stephanie Trail
El Salvador,Kimberlyport,34938,Ohio,Hayden Club
Vanuatu,Valenciaton,89093,Florida,Robinson Court
Pakistan,Stantonland,23939,Tennessee,Morris Plain
Belgium,Lynnburgh,06733,Vermont,Mayo Springs
Nicaragua,Simpsonchester,30757,New Jersey,Richard Brooks
Bulgaria,West Juan,70796,California,Shaffer Springs
Vanuatu,East Christianfort,76213,Nevada,Taylor Turnpike
Tajikistan,Lake Rebecca,39331,Wyoming,Briana Summit
Guam,South Andrewchester,61956,Mississippi,Maria Expressway
United States Virgin Islands,Rollinsville,28611,Ohio,Robles Forks
Palau,Andreaville,86900,West Virginia,Shelly Dam
Bangladesh,North Monicaburgh,03441,South Carolina,Susan Pike
Cote d'Ivoire,Port Alexis,61058,Illinois,Ryan Causeway
Norfolk Island,Lake Tinamouth,69063,New Hampshire,Meyer Lock
Yemen,South Brittanyport,71939,Iowa,Wallace Shore
Timor-Leste,Jonesmouth,71387,Texas,Karen Course
Palau,West Amandaport,42660,Arizona,Salas Cliffs
Syrian Arab Republic,Gonzalesstad,38679,New York,Rebecca Divide
Northern Mariana Islands,Madelinehaven,47729,Missouri,Karen Mountains
Italy,East Kathryn,40949,Maryland,Anne Garden
Slovenia,New Mark,98401,Hawaii,Sullivan Crossroad
Senegal,East Rebecca,84822,Delaware,Timothy Dale
Vanuatu,Randallside,48788,Alabama,Thomas Centers
Poland,Schneiderside,95674,Oregon,Michael Squares
Northern Mariana Islands,South Sharon,00756,Alabama,Adam Circles
Marshall Islands,Thompsontown,52925,North Dakota,Moore Ferry
Kiribati,Mclaughlinstad,35531,Nevada,Wood Mountains
Malta,Michaelbury,76013,Ohio,Armstrong Springs
Dominican Republic,West Antonio,41665,Minnesota,Gary Forge
Czech Republic,West Tamara,92987,Wisconsin,Ian Mountains
Australia,Smithborough,92844,South Dakota,Tony Cliff
Singapore,Port Desireeburgh,54581,West Virginia,Melody Causeway
Moldova,South Kenneth,68062,South Carolina,Harris Mission
Jersey,Schmidtview,61633,New Hampshire,Rodriguez Streets
United States Minor Outlying Islands,South Hollyfort,02338,Virginia,Greene Summit
French Guiana,Lake Denise,92105,Alaska,Frye Squares
Paraguay,Charlesview,10404,Hawaii,Deleon Manors
Guatemala,Port Robert,62080,Colorado,Lee Ridge
Tuvalu,Harrisonfort,80358,Arkansas,Smith Circle
Samoa,Amandabury,80588,Alaska,Christina Plain
Montenegro,Port Sandra,10909,Massachusetts,Cameron Trail
Uruguay,New Kevin,07707,Indiana,Megan Extension
French Polynesia,West Kimberlystad,54784,North Carolina,Lewis Divide
Antarctica (the territory South of 60 deg S),East Melanie,71791,Georgia,Zachary Light
Sierra Leone,Noahfurt,69043,West Virginia,Courtney Station
Sao Tome and Principe,Port Jeffreyshire,10464,New York,Perez Mount
Tokelau,Francestown,45402,Idaho,Bradley Route
Montenegro,Scottmouth,15633,South Carolina,Fernando Manor
Samoa,Port Paulhaven,19946,Wyoming,Kimberly Inlet
Guinea,Richport,57180,Vermont,Cook Canyon
Saint Martin,New Barryton,89143,North Dakota,Livingston Circle
Finland,West Jason,23157,Maine,Thompson Stravenue
Guinea-Bissau,Porterfurt,01163,Florida,Meyer Crest
Belarus,Brooksshire,42708,Louisiana,Henderson Pike
India,South Dianaside,16347,California,Spencer Views
Macao,Jacksonview,09897,Utah,Michael Wall
Cook Islands,Joshuabury,99242,Nebraska,Ray Divide
Philippines,Port Deniseville,08941,Oregon,Kirk Drive
New Zealand,West Ianshire,15010,Oklahoma,Weeks Plain
Madagascar,East Alvin,91674,North Carolina,Beltran Light
Lesotho,North Dustinhaven,96885,Vermont,Ramsey Pines
Bahrain,Port Billychester,33802,Montana,Shelton Plaza
Burkina Faso,Samanthashire,69665,New Mexico,Thompson Villages
Lebanon,Richmondside,87765,Ohio,Brandon Plains
Ethiopia,Cooperfort,32439,Michigan,Mitchell Island
Jamaica,Lake Sara,98147,Idaho,Darrell Ranch
Palestinian Territory,Lake Jasonberg,80222,Wyoming,Larson Fields
Gambia,Stacyfort,11156,New Hampshire,Rodriguez Groves
Falkland Islands (Malvinas),New Deborahtown,72666,Idaho,Wells Alley
Albania,Martinhaven,24843,Pennsylvania,Williams Springs
Bahrain,Andersonbury,63087,Vermont,Jennifer Tunnel
Malawi,Courtneyfort,35733,New Jersey,Petersen Oval
Christmas Island,Turnerchester,11500,Arizona,Hernandez Junction
Liberia,East Kaylafurt,24741,Iowa,Mary Spring
Kazakhstan,Christineland,95511,Vermont,Christy Forge
Mozambique,Port Peterfort,09305,Vermont,Martin Key
Swaziland,North Jessicaburgh,73222,Hawaii,West View
Tokelau,New Michaelchester,43629,Tennessee,Long Stravenue
Northern Mariana Islands,Garciahaven,84694,Nevada,Parker Station
Spain,Lake Stephenbury,43771,California,Gilbert Cove
Swaziland,West Stacy,96285,Washington,Newman Expressway
Oman,North Shawnshire,91154,Hawaii,Barnes Hills
United States Minor Outlying Islands,Port Cynthiamouth,84123,Kansas,Garrison Pass
Kyrgyz Republic,Acevedoville,38496,Montana,Mathis Station
Albania,Choimouth,66963,Colorado,Burnett Village
Zambia,Lewisbury,54113,Delaware,Ortiz Terrace
Heard Island and McDonald Islands,Port Thomashaven,25857,West Virginia,Jeffery Ridge
Azerbaijan,East James,09152,Colorado,Samuel Ways
Portugal,Port Davidmouth,97306,Wyoming,Ashley Cliff
Macedonia,New Alex,11132,West Virginia,Ashley Island
Burkina Faso,West Monica,59992,Wisconsin,Sydney Keys
Cayman Islands,South Daniellemouth,41820,Texas,Cooper Unions
Bolivia,Laneberg,64288,Mississippi,William Manor
Taiwan,Roweborough,47033,Tennessee,Robert Course
Sudan,Port Melissa,69027,Washington,Molina Port
Armenia,Port Angieton,37421,Iowa,Jerry Locks
Peru,Lake Samanthamouth,90472,New Hampshire,Jennifer Hollow
Namibia,Jonathanview,60299,Kansas,Davis Grove
Thailand,West Roger,74641,Maryland,April Avenue
Canada,South Billymouth,13655,Alabama,Melissa Union
Mongolia,North Jared,65217,Alabama,Michelle Fork
Central African Republic,New Derricktown,71383,California,Destiny Place
Falkland Islands (Malvinas),Kevinstad,70935,Montana,White Points
Italy,South Sara,23003,Missouri,Joshua Fork
Korea,North Lynn,43981,Oklahoma,Fisher Unions
Angola,New Noah,66945,Ohio,Rebecca Ferry
Luxembourg,Joshuafurt,88604,Oregon,Peter Neck
Peru,North Shannonton,53921,Florida,Melissa Crescent
Costa Rica,South Samanthafort,17023,Michigan,Amanda Fort
Italy,New Walter,63923,Oregon,Nancy Knolls
Indonesia,Tuckermouth,63607,New Hampshire,Osborne Extension
Dominican Republic,Lake Anthonyfurt,06995,South Carolina,Larry Port
Azerbaijan,Lake Alyssaview,22728,Michigan,Kelly Estate
United Kingdom,Lake Leslieborough,25633,Arizona,Susan Freeway
Zimbabwe,Port Loretta,19981,Rhode Island,Sanchez Glen
Macedonia,North Jasonland,39222,Washington,Meyer Land
Reunion,Foleyburgh,51622,Florida,Melissa Ford
Vanuatu,New Nathan,89638,California,Luna Prairie
Gibraltar,Victorberg,46064,Texas,Matthew Camp
Peru,Delgadomouth,99235,Mississippi,Reeves Heights
Svalbard & Jan Mayen Islands,Carrshire,73829,Montana,Norton Crest
Cape Verde,New Kevinborough,80581,Alaska,Gregory Shoal
Cape Verde,North Gerald,37109,Wisconsin,Joe Shores
Armenia,Kathrynville,61056,New Hampshire,Willie Forks
Anguilla,North Mary,49938,Pennsylvania,Stanley Curve
Dominica,Georgeborough,03949,Delaware,Alexa Fords
Bangladesh,South Kennethborough,15940,Minnesota,Ayala Lodge
Iran,Gregorytown,63503,New Hampshire,Williams Brooks
Sweden,Rayberg,20583,Florida,Brian Field
Congo,Margaretmouth,71609,North Carolina,Wilson Radial
Somalia,Robertoside,50861,Oklahoma,Christopher Dale
Ethiopia,Port Jeffrey,57667,Ohio,David Plaza
Martinique,Wongton,49933,Alaska,Burton Roads
Cayman Islands,New Gracechester,41804,North Dakota,Leslie Fall
India,North Colleen,03411,New Mexico,Hill Flats
Gibraltar,West Nicholaschester,64487,Utah,Gordon Crossroad
Belgium,Port Raymond,46230,West Virginia,Lee Shore
Czech Republic,Brooksfort,50732,Pennsylvania,Nicholas Field
Rwanda,Timothyland,21356,Florida,Mills Unions
Czech Republic,North Heatherport,82401,New Hampshire,Simpson Ranch
Kenya,West Williamview,25794,Indiana,Hernandez Springs
Tokelau,Lake Kristie,98257,South Carolina,Hess Brooks
Netherlands Antilles,South Michelle,42164,Alaska,Holder Turnpike
Croatia,Curtisshire,47831,Colorado,Jill Shore
Eritrea,North Curtismouth,28799,Ohio,Griffin Inlet
British Virgin Islands,Kristopherview,50781,Wyoming,Cuevas Dam
Mayotte,West Robertview,52026,Nevada,Williams River
United States Virgin Islands,South Tristan,98119,Kentucky,Oliver Avenue
Iran,Wilsonfurt,24087,Arkansas,Patterson Key
Norway,North Kyleborough,47915,Wisconsin,Reginald Mountains
Azerbaijan,South Donnafurt,95779,Wisconsin,Gibson Loop
Burundi,East Jennifer,32648,New Mexico,Hunter Mission
Philippines,Ashleymouth,24541,Colorado,James Club
Samoa,Port Lisaberg,20473,Rhode Island,Glenn Ridge
Guyana,New Eric,09531,Delaware,Eric Forges
Norfolk Island,Port Rhondamouth,06467,Wyoming,Richard Lakes
Estonia,New Joshua,64445,Virginia,Price Radial
Falkland Islands (Malvinas),New Ericaside,29781,Kentucky,Shaw Fields
Namibia,New Jill,20412,Georgia,Harris Pine
Haiti,Lake Sheri,51780,Vermont,Brittany Stravenue
Russian Federation,Ingrambury,29054,Mississippi,Vargas Lodge
Ghana,New Brandonmouth,62645,Vermont,Amber Isle
Georgia,Davisstad,78972,Massachusetts,Linda Trail
Mauritania,Ashleyport,24486,New York,Mann Unions
British Virgin Islands,Kaylaport,81960,New York,Jackson Radial
Netherlands Antilles,Brandonburgh,14917,Pennsylvania,Tapia Well
Bhutan,West Allenmouth,29619,New York,Liu Summit
Saint Pierre and Miquelon,Ellisshire,93030,Georgia,Richard Knoll
Samoa,Clinefurt,53725,Pennsylvania,Nicholas Unions
Kazakhstan,East Richard,88842,Indiana,Best Creek
United States Minor Outlying Islands,Brownstad,40557,Massachusetts,Marco Knolls
French Guiana,Jenniferburgh,23127,Washington,Margaret Falls
Aruba,Englishfort,03222,Nevada,Susan Mews
Cayman Islands,South Billy,39868,Georgia,Thomas Shoal
United Kingdom,Larsonview,47927,Illinois,Rivera Cliff
Tuvalu,Lake Peter,15260,Wisconsin,Hanna Lodge
Canada,Port Darlene,14160,Massachusetts,White Haven
Bermuda,West Richardton,71638,Rhode Island,Cooper Mountains
Norway,East Alexafurt,94427,South Carolina,William Knoll
Brazil,South Josephville,90857,Connecticut,Davis Square
Cameroon,South Lori,32003,Iowa,Mary Pass
Philippines,West Thomasmouth,11504,Pennsylvania,Jason Well
Bangladesh,Josephport,89339,Rhode Island,Green Tunnel
Panama,South Sarah,23040,Colorado,Garner Mountains
Qatar,Lisaville,56554,Oregon,Cardenas Path
Kiribati,Gonzaleschester,54539,Ohio,Jennifer Walk
Nicaragua,Coleport,55738,Missouri,Pollard Passage
Holy See (Vatican City State),West Jacob,84485,Ohio,Young Drive
Saudi Arabia,East Ashleyland,38103,Montana,Warren Ridges
Burkina Faso,Sullivanton,79218,Iowa,Stark Spur
Belgium,Lake Rebeccamouth,91112,Louisiana,Leslie Key
Ukraine,West Sarah,95520,Nevada,Stevens Vista
Vanuatu,Lake Josephfurt,88733,Delaware,Kimberly Fields
Maldives,Valerieberg,05372,North Dakota,Williams Ville
Czech Republic,Sandraville,81736,Idaho,Myers Walks
Djibouti,West Lucasland,81636,Maine,Bobby Green
French Southern Territories,Hernandezfort,24901,Nevada,Duncan Light
Portugal,Christophermouth,68232,Utah,Jonathon Junctions
Tanzania,East Lori,74536,Louisiana,Ronald Route
Georgia,Silvaport,47788,Connecticut,Davis Lodge
Myanmar,East Carlaside,15891,Tennessee,Barnes Extension
Niue,New Laura,55701,South Carolina,Boyd Village
Eritrea,Valdezchester,59887,South Dakota,Lisa Glens
Chile,Carpenterfurt,66342,South Dakota,Gwendolyn Route
Norway,Lewisstad,84629,Rhode Island,Parrish Port
Paraguay,Kelseybury,31325,Tennessee,Higgins Station
French Southern Territories,Jessicachester,96406,Nebraska,Erika Corner
Malawi,Cruzport,06369,Nevada,Robles Street
Sao Tome and Principe,Port Brianfort,66857,Delaware,Christopher Club
Zimbabwe,North Katherineville,91639,Pennsylvania,Christine Rest
Mayotte,North Christopherburgh,04578,Georgia,Mitchell Locks
Macedonia,East Gregorystad,30871,Florida,Mary Spur
Norway,East Carlview,70726,New York,Reed Orchard
Guatemala,South Robert,05875,Oregon,Christopher Meadow
Somalia,Kimberlymouth,55350,Alaska,Mullins Plain
Isle of Man,Lake Jillianmouth,48102,Montana,Shepard Villages
Cote d'Ivoire,Richardport,20980,Iowa,Hernandez Groves
Chad,Brittanyfurt,66310,Tennessee,Thomas Manors
Dominican Republic,New Jennifer,11735,Utah,Lee Manor
Tunisia,Christianchester,67764,Alaska,Dale Spurs
Wallis and Futuna,West Jessechester,62841,Iowa,Leonard Meadows
Netherlands,East Jennahaven,13431,South Dakota,Darlene Turnpike
Pitcairn Islands,South Aaronfurt,99699,Minnesota,Joshua Overpass
Northern Mariana Islands,Joshuamouth,33783,Montana,Anderson Street
Bulgaria,Francisside,52091,New Mexico,Tara Drive
Venezuela,Mcconnellland,15117,New York,Mcdonald Port
Solomon Islands,Dorseyberg,59184,New Jersey,Richard Orchard
Antarctica (the territory South of 60 deg S),Ericborough,45476,Montana,Karen Junction
Hungary,Gentryburgh,83913,New Hampshire,David Pike
Portugal,North Antonioville,47724,New York,Kenneth Plain
Colombia,Sharonmouth,56285,Arizona,Smith Estate
Iraq,Wagnerstad,80783,Nebraska,Kevin Union
Bahrain,North Jesus,38310,Oregon,Amy Plain
Brazil,Williamhaven,74197,Nebraska,Craig Passage
Ecuador,Port Terriberg,81710,Pennsylvania,Tommy Tunnel
Burundi,Daystad,86071,Wisconsin,Mary Harbors
Pitcairn Islands,East Roberttown,97718,Arizona,Chris View
United Kingdom,East Ronaldshire,30185,Missouri,Reyes Corner
Papua New Guinea,North Erinmouth,96614,Nevada,Schultz Lane
Martinique,Port Jorge,68908,Alabama,Julian Throughway
Finland,Amymouth,74902,Hawaii,Brown Spur
Kuwait,Floreschester,18160,Florida,Sherri Junction
Argentina,East Luis,32730,South Carolina,Gary Skyway
Guadeloupe,Port Kiarachester,47407,New Hampshire,King Mall
Morocco,Paulland,92722,South Carolina,Mariah Canyon
Taiwan,East Cathyport,42948,Connecticut,Oliver Isle
Taiwan,Georgebury,53224,Indiana,Stephens Prairie
Bouvet Island (Bouvetoya),Lake Cassidyberg,01636,Nebraska,Cruz Unions
Zimbabwe,New Carl,82346,Maine,Austin Parkways
Lebanon,Briannatown,11097,Georgia,Simpson Landing
Grenada,Mcneilbury,82331,New Hampshire,Michelle Mountains
Libyan Arab Jamahiriya,Mcdanielmouth,97672,Oregon,Cooper Trail
Qatar,Port Christophershire,03333,Maryland,Shepherd Summit
Austria,Anthonyland,36472,Alaska,Montgomery Road
Saint Pierre and Miquelon,Port Molly,10806,Tennessee,Caldwell Throughway
Australia,New Thomas,26062,North Carolina,Martin Haven
Ethiopia,East Katieburgh,02579,Tennessee,Myers Views
United States Virgin Islands,Taylorfurt,34638,Delaware,Hamilton Harbor
Mauritania,Pricemouth,27952,Vermont,Jackie Island
Christmas Island,Port Davidstad,92167,Ohio,Aguilar Mountains
Sao Tome and Principe,Ricardoton,04480,Delaware,Benitez Landing
Bulgaria,Thomasshire,77975,Massachusetts,Contreras Ford
Mali,New Nicholasburgh,84288,Pennsylvania,Garza Via
Brunei Darussalam,Lewisbury,56070,Wisconsin,Joseph Harbor
Greenland,New Megan,19883,Idaho,Donald Creek
Netherlands,Port Melissa,76118,Missouri,Vicki Dam
Zimbabwe,North Kimberlyland,12540,Colorado,Nicholas Green
American Samoa,Lake Nicholasmouth,16734,Rhode Island,Chen Lakes
Dominica,Mcfarlandstad,87251,Maine,Adams Hollow
Congo,North Robertochester,75169,Hawaii,Rodgers Park
Fiji,West Jasonside,75195,Pennsylvania,Kara Ridges
Guinea-Bissau,Julieborough,91997,South Carolina,Wilson Branch
Venezuela,South Austinstad,01200,North Dakota,Rebekah Burgs
Fiji,New Carolinestad,93573,Virginia,Walker Street
Bouvet Island (Bouvetoya),Butlertown,58606,Wyoming,Thompson Green
Palestinian Territory,Lake Justin,77883,Colorado,Poole Orchard
Denmark,South Veronicaland,11720,Arizona,Joseph Radial
Estonia,Howardmouth,13581,Tennessee,Burke Oval
Lebanon,Lake Lindaland,31727,Pennsylvania,Chad Junctions
Mali,North Roberttown,43295,Mississippi,Hansen Common
Korea,Lake Rhonda,64358,Colorado,Steven Dale
United States Minor Outlying Islands,Herreraburgh,18179,Illinois,Jessica Row
Sudan,West Stephanieberg,23363,Alabama,Mccarthy Pass
Guadeloupe,Collinsport,25464,West Virginia,Jessica Lights
Swaziland,South Robert,71002,Minnesota,Patricia Locks
Palestinian Territory,Powelltown,52610,Virginia,Sanford Parks
Guyana,Camposside,55469,Florida,Fischer Wall
Maldives,Dennisburgh,95747,Wyoming,Jody Stream
Saint Martin,Brownport,63841,Massachusetts,Cook Ridge
Grenada,Lynchbury,21233,Virginia,Melvin Plains
Macao,Wallacefort,79248,West Virginia,Cannon Land
Uzbekistan,Stephanieview,19596,Washington,Andrew Ferry
Monaco,Lake Manuel,94669,Rhode Island,Jennifer Hollow
Cambodia,Lopezview,83809,Mississippi,William Plain
Antarctica (the territory South of 60 deg S),New Amandahaven,40782,Illinois,Jacob Mission
Benin,Lake Hannah,04239,Georgia,Schmidt Highway
Honduras,Laneshire,96834,Oklahoma,Robinson Dam
Slovenia,Hinesmouth,15645,North Carolina,Joseph Branch
Ghana,Matthewstad,59025,Alabama,Pope Rapid
Saint Pierre and Miquelon,North Beth,75969,Arizona,Richard Plains
Belgium,Colintown,99021,Idaho,Allison Knolls
Hungary,West Troymouth,23720,Tennessee,Newman Valleys
Denmark,Austinland,61974,Indiana,Lydia Stravenue
Algeria,Keyburgh,73536,Tennessee,Allen Views
Canada,North Jessicamouth,15129,Virginia,Angela Village
Bosnia and Herzegovina,New Kaylaborough,93589,Mississippi,Christopher Skyway
Kazakhstan,West Brittney,17352,Arizona,Avila Fort
Singapore,Port Aliciaburgh,07004,Rhode Island,Ryan Fork
Nigeria,Melissafort,69584,Delaware,Burns Locks
Marshall Islands,Martinezburgh,57061,Nebraska,Patton Forge
Estonia,West Mary,61306,Oregon,Oliver Ports
Argentina,West Juliabury,88673,Georgia,Gonzales Place
French Southern Territories,South Nathan,01468,New Hampshire,Laura Junctions
Malta,Paulside,67540,New York,Crawford Ports
Kyrgyz Republic,Sweeneystad,83635,Wyoming,Katherine Circle
Mexico,North Timothy,50459,Oklahoma,Brenda Villages
Uganda,Michaelbury,34922,Wyoming,Jessica Groves
Guatemala,Daughertyport,11586,Idaho,Sandra Pike
Burkina Faso,Kennedyside,70372,Wisconsin,Ryan Summit
Australia,Port Leahberg,72025,Delaware,Brandon Extension
Brunei Darussalam,Meyerfurt,07638,South Dakota,Jenkins Glen
Kiribati,Cowanville,04335,North Dakota,Hicks Mount
Belgium,Rodneychester,28425,Pennsylvania,Cathy Shores
Lao People's Democratic Republic,South Francisco,36677,Tennessee,Frances Divide
Liberia,Mitchellborough,77401,Pennsylvania,Samantha Locks
Oman,Port Karenburgh,65080,New Hampshire,Laura Radial
Niue,Reginaldport,83794,New York,Smith Groves
Netherlands Antilles,Grahamview,54321,Hawaii,Michael Crescent
Germany,Port Martinside,13643,Maine,Kenneth Port
Turkmenistan,North Susan,45593,New York,Tony Harbor
Tajikistan,Danielbury,08258,Alabama,Elizabeth Mission
Moldova,Charlesberg,68387,Nevada,Stephanie Green
Pakistan,Kathleenfort,31271,South Carolina,George Mission
Taiwan,South Alyssa,46002,South Carolina,Brittany River
Micronesia,West Franciscohaven,41452,North Dakota,Logan Turnpike
Cayman Islands,Stewartside,91296,Connecticut,Ellen Cliff
Hungary,East Lindafurt,80381,Florida,Mason Hollow
Sao Tome and Principe,North Josephhaven,60978,Idaho,Vickie Roads
Swaziland,Floresborough,29628,Virginia,Lori Lodge
Cambodia,Danielside,34755,Oklahoma,Williams Wall
Turkmenistan,North Miguelport,50795,Montana,Wendy Mission
Cyprus,Victoriaberg,78465,Iowa,Adrienne Drive
Japan,South Matthewmouth,57131,Massachusetts,Thomas Estates
Switzerland,Parkerside,53177,Minnesota,Scott Common
Saint Pierre and Miquelon,Nancyside,10801,Rhode Island,Danny Fall
Pakistan,Ayalaville,99825,Massachusetts,Jonathan Hills
Grenada,Jenniferland,54899,Michigan,Jessica Shoal
Argentina,Port Christopher,70819,South Dakota,Thomas Locks
Kuwait,Woodsfort,41390,Connecticut,Garza Crest
Brazil,Lauraland,19431,Vermont,Park Trail
Northern Mariana Islands,Sydneymouth,05861,New Jersey,Park Island
Benin,Heatherfort,11328,Louisiana,Tracy Camp
Papua New Guinea,Lisahaven,65779,California,Reed Harbor
Hong Kong,Andreland,51262,Colorado,Jeffery Ridges
Bangladesh,Kellyburgh,22984,Illinois,Joshua Squares
Namibia,West Craig,95705,West Virginia,Williams Lakes
Saudi Arabia,Port Juliahaven,81069,Colorado,Webb Forest
Barbados,Josephbury,62950,Ohio,Taylor Wall
Samoa,East Karenchester,38742,North Carolina,Walker Mission
Armenia,Suarezville,39815,California,Fox Landing
Monaco,Williemouth,77591,Tennessee,Heather Run
Vietnam,Hannahville,55754,Texas,Little Pike
New Caledonia,Odonnellshire,55932,West Virginia,Butler Circles
Pitcairn Islands,South Samuel,34433,Michigan,Scott Ridge
Equatorial Guinea,Edwardmouth,53122,New Mexico,Danielle Stravenue
Guinea-Bissau,Ethanborough,72358,Florida,Sherri Rapids
Northern Mariana Islands,Lake Tamara,48817,Florida,Christopher Fork
Armenia,Port Samantha,27426,South Carolina,Myers Mews
Jordan,Hunterberg,89233,Arkansas,Belinda Mission
Jordan,New Adrian,37236,Minnesota,Mendoza Corner
Madagascar,Luiston,98842,Texas,Pamela Flats
Hungary,Brittanymouth,79241,Massachusetts,Jimmy Rapid
Tonga,Lake Juliefort,48955,Nevada,Isaiah Turnpike
Costa Rica,Spencerview,95593,Delaware,Sara Port
Aruba,West Brenda,08439,South Carolina,Penny Locks
Saint Kitts and Nevis,West Larry,31970,Iowa,Carroll Hill
South Africa,Hughesville,29284,New Jersey,Crystal Forges
Sri Lanka,South Maria,05510,New Hampshire,Alexander View
British Virgin Islands,East Amanda,76014,New Hampshire,Tonya Hills
Mayotte,Lake Robert,48251,Kentucky,Russo Lane
Czech Republic,East Holly,57202,Arizona,Rojas Ports
Falkland Islands (Malvinas),West Lynn,64737,Maryland,Seth Canyon
Benin,Wolfside,36453,Washington,Gibson Way
Cayman Islands,Jamesfort,25509,Nebraska,Travis Park
China,Rebeccabury,66592,Kansas,Sanchez Throughway
Yemen,Alyssaview,97729,South Dakota,Joshua Gardens
Philippines,Tonymouth,42183,Nebraska,John Loaf
Cambodia,Lake Kristenport,73176,Texas,Jason Mission
Gambia,Pattonville,59259,New Mexico,William Squares
Netherlands,Phillipsmouth,21215,Tennessee,Glover Pine
Australia,Guerrerohaven,35799,Mississippi,Flores Island
Jordan,Hendersonville,86879,Wyoming,Ruth Canyon
Mexico,West Kaitlyn,27598,New York,Salazar Pines
Gambia,Rodriguezbury,50155,Arkansas,Bonnie Underpass
Heard Island and McDonald Islands,New Melissa,65654,Wisconsin,Tammy Prairie
Montenegro,Sanderston,87999,Kentucky,Elizabeth Forest
Macao,Aaronhaven,91100,Texas,Roman Lane
Congo,Teresamouth,02440,Delaware,Garza Burg
Japan,North David,49780,Louisiana,Larsen Lane
Mauritania,Kelseystad,51992,North Carolina,Jessica Mountain
Liberia,Kathleenborough,95044,Oklahoma,Griffin Hills
Albania,North Billy,22550,New Jersey,Jillian Parkway
Poland,Tanyaville,07623,South Carolina,Reynolds Greens
British Indian Ocean Territory (Chagos Archipelago),Rosalesview,85909,Texas,Brown Overpass
Cote d'Ivoire,South Devon,73415,Montana,Walton Walk
Faroe Islands,Wellsfurt,10328,Florida,Williams Shoals
Jamaica,Jasminmouth,09701,Indiana,Irwin Turnpike
Argentina,Port Jennifer,10648,Oregon,Wilson Mission
Mongolia,Lake Nicolemouth,69216,Missouri,Erica Station
Austria,West Crystal,63374,Ohio,Simmons Crossing
Isle of Man,Jonesland,27952,Indiana,Colleen Rapids
Korea,Brettchester,75022,Wyoming,Rodriguez Ports
Cayman Islands,Powellborough,69800,Pennsylvania,Scott Glens
Cameroon,South Jessicaborough,73397,Wyoming,Joseph Land
Bouvet Island (Bouvetoya),Kirktown,29052,Iowa,Jill Lane
Guam,Richtown,56399,Michigan,Misty Summit
United Kingdom,West Stephen,33059,Alabama,Woods Estate
French Southern Territories,Kathyside,96262,Nevada,Chambers Brooks
Christmas Island,West Staceyborough,06583,Idaho,Smith Ranch
Guernsey,Transide,88710,New York,Andrews Motorway
Turkey,Molinaberg,18057,Montana,Brian Alley
Saint Kitts and Nevis,North Laurieburgh,97495,Oklahoma,Pedro Shoals
Armenia,West Jennifermouth,98590,Idaho,Norma Lodge
Bhutan,New Sarahmouth,98424,South Carolina,Alexander Forges
Korea,Proctorville,37930,New Mexico,Moore Freeway
Kyrgyz Republic,Katelynbury,44320,Minnesota,Christopher Lake
Kiribati,Gilmoretown,91866,Arizona,James Plains
Singapore,Deborahborough,19533,Virginia,Hill Flat
Niger,South Justin,52156,Utah,Brown Radial
Saint Martin,East Debra,19219,Oklahoma,Lindsey Stream
Barbados,Johnathanton,55970,Massachusetts,Robert Viaduct
Kiribati,Mckinneyfort,58088,Arkansas,Kristen Burg
Armenia,West Kevinfort,44047,Washington,Johnson Hill
Taiwan,North Thomas,09408,North Dakota,Coleman Court
Albania,North Amy,23392,Louisiana,Jackson Views
Western Sahara,East Rhonda,21145,Kansas,Latasha Drive
Grenada,Holmesshire,66607,Georgia,English Radial
Rwanda,Marisabury,74829,Nevada,Thompson Shore
Turkmenistan,Lake Joseburgh,11626,Colorado,Jessica River
China,Woodardmouth,35624,Florida,Adkins Village
Jordan,Lopezport,35364,North Carolina,Joann Field
Gabon,Toniville,45376,Vermont,David Highway
New Caledonia,Watsonberg,15921,Vermont,Schmidt Wall
Uzbekistan,Port Jeremy,35596,Texas,Morgan Mount
Jordan,Natalietown,18759,Ohio,Lopez Centers
Anguilla,Port Tylerside,62217,Arizona,Jerome Extensions
Austria,Jacobsmouth,36103,Mississippi,Perez Bypass
Reunion,Katelynview,79886,Minnesota,Kathy Ramp
South Georgia and the South Sandwich Islands,New Kathy,39051,Nevada,Brooke Avenue
Albania,Larabury,53659,New Jersey,William Island
French Southern Territories,New Jennifer,72628,Georgia,Rebecca Isle
Palau,New Haleyshire,70836,Delaware,Stevenson Dale
Dominica,Port Keithborough,62368,Montana,Sarah Square
Belgium,North Jasonmouth,85875,Vermont,Angel Light
Colombia,South Jessica,28761,Washington,Parker Stravenue
Niger,Greenburgh,24513,North Dakota,David Village
Peru,New Nicholasfort,87609,New Mexico,Alexander Ramp
Ireland,Lake Robin,20365,Vermont,Chavez Valley
Madagascar,Lake Danielfort,31421,Michigan,Steven Point
Guadeloupe,Sanchezstad,10729,West Virginia,Andrew Village
Lebanon,New Shanechester,18470,Indiana,Carter Park
Zimbabwe,Sharpfurt,30914,Alaska,Laurie Lane
Mali,Deanfurt,06237,Arizona,Charles Walks
Congo,Moonfort,27339,Texas,Gomez Springs
Dominican Republic,West Richardhaven,33636,Oklahoma,Lee Mill
Nicaragua,East Wendy,40091,Ohio,Roberts Corners
Lithuania,Nelsonside,72467,North Carolina,May Junction
Zambia,West Michael,57460,Utah,Amy Roads
Canada,Lake Christopher,18814,Kansas,Adams Tunnel
Namibia,Andrewside,74510,Nebraska,Nelson Lodge
Bermuda,Johnsfurt,92768,Florida,Michael Village
Honduras,Port Christina,15981,Massachusetts,Sean Turnpike
United Kingdom,Port Crystal,87391,Michigan,Jenkins Divide
Saint Barthelemy,South Robin,82287,Oregon,Susan Wells
American Samoa,Port Eric,23272,West Virginia,Gregory Garden
Norfolk Island,Orozcoshire,89155,Florida,Mclean Prairie
Mongolia,Richardhaven,96507,Kansas,Moody Club
Macao,East Christopher,31066,Texas,Houston Villages
Svalbard & Jan Mayen Islands,Wendyfort,47564,Colorado,Marcus Mountains
Liberia,West Christopherport,06175,Indiana,Walker Heights
Macedonia,Julieburgh,42159,Massachusetts,Stafford Pine
Canada,East Emily,36030,Connecticut,Paul Mission
Mexico,Underwoodchester,68070,Florida,Christopher Springs
Kenya,Mcclureborough,68561,West Virginia,Thompson Bypass
Korea,Muellermouth,74255,Utah,Jason Cove
Samoa,Jessicaside,53522,Nebraska,Michelle Wall
Botswana,Wolfemouth,27214,North Carolina,Banks Oval
Zambia,Dominguezfurt,07361,Arizona,Le Centers
Uruguay,East Frankton,70563,Kentucky,Jesse Place
Guatemala,Rileyfurt,85359,Montana,Osborne Turnpike
South Africa,Port Keithmouth,85406,Alaska,Kathryn Course
Zambia,Laurietown,20653,New York,Michael Crossroad
Seychelles,South Elizabethborough,43372,Connecticut,Julie Circles
Liberia,West Earl,08331,West Virginia,Rita Mill
Panama,Brendaton,90362,Michigan,Poole Mount
Moldova,New Cynthiaport,35091,Montana,Steven Brook
Algeria,Aliciabury,18776,New York,Ronald Orchard
Bahamas,New Monica,38101,Louisiana,Justin Club
Finland,New Johnton,90737,Arkansas,Clark Shoal
Hungary,North Stacy,47381,Ohio,Stokes Rapid
Zambia,Thomasstad,44199,Pennsylvania,Guerrero Trace
Somalia,New David,33620,Rhode Island,Lopez Islands
Guadeloupe,North Johnburgh,30301,Wyoming,Moore Stravenue
French Polynesia,Stacyshire,17967,Texas,Barnes Park
American Samoa,West Amanda,15403,Iowa,Jennifer Mountain
Sri Lanka,Joelshire,18714,Nevada,Dunn Island
Tuvalu,Shermanmouth,35045,West Virginia,Jay Shoal
India,Hallville,80567,Oklahoma,Sara Expressway
Burkina Faso,New Bradleyport,90144,North Dakota,Wilkins Manor
Russian Federation,North Alyssamouth,44217,Mississippi,Downs Bridge
Myanmar,Patelberg,14623,Louisiana,Megan Ridges
Falkland Islands (Malvinas),Port Alan,80114,Indiana,Hughes Burgs
Cyprus,Lake Chloeborough,20643,Nebraska,Johnny Rapid
Sweden,Port Gabrielastad,98068,Oregon,Wagner Flats
Tanzania,North Travisport,26667,Indiana,Romero Views
Congo,South Crystal,06665,South Carolina,Jones Green
Australia,New Mary,18637,South Carolina,John Isle
Tajikistan,Lindseyborough,88741,Vermont,Wise Drive
Taiwan,Marymouth,54549,North Carolina,Perkins Canyon
Denmark,Diazfurt,94598,Alabama,Jackson Canyon
Cuba,Patelport,93582,Tennessee,Gordon Vista
Iran,Davisfurt,34273,New York,Courtney Well
Poland,Tiffanybury,02762,Texas,Oconnor Unions
Isle of Man,East Davidport,50585,West Virginia,Megan Courts
Dominican Republic,Lisafort,90857,Rhode Island,Simmons Circles
Senegal,Benjaminmouth,93368,California,Harold Mission
Northern Mariana Islands,Richardsonfort,03615,North Carolina,Lisa Way
Togo,New Erichaven,12935,Maine,Joshua Haven
Martinique,Jacksonland,11617,Iowa,Amy Stravenue
Honduras,West Emilyhaven,60101,Florida,Amy Mission
Djibouti,East Alejandrotown,23461,Vermont,Long Drives
Sweden,Port Brett,99462,West Virginia,Stone Shore
Rwanda,North Shawnville,60226,Texas,Shaffer Spring
Djibouti,Lindseyside,42163,Illinois,Kimberly Glens
Nicaragua,Port Larryfort,65108,Virginia,Sanchez Terrace
Saint Pierre and Miquelon,New Heather,73956,Wyoming,Samantha Fall
Haiti,Port Craigton,46002,New Mexico,Jamie Plains
Hungary,Jonathanborough,72690,Rhode Island,Sabrina Parks
Jamaica,Larrybury,46167,Vermont,Robert Court
Denmark,Andrewport,22874,North Dakota,Richard Shore
El Salvador,Josephland,85576,Idaho,Zachary Way
Bahrain,Lake Meghan,56984,Missouri,Rebecca Forges
Timor-Leste,Michaelville,22443,Montana,Spencer Prairie
Saint Pierre and Miquelon,New Robertburgh,46864,Montana,Young Corner
Bulgaria,Lunastad,03137,California,Woods Plains
Heard Island and McDonald Islands,Lake Yvonne,92475,South Dakota,Morgan Mission
Portugal,Danielborough,15754,Alaska,Michael Station
Namibia,New Tanyaborough,70141,Mississippi,Kathryn Roads
Aruba,Danielsfort,26066,New Jersey,Lori Port
Gibraltar,Richardsonburgh,54457,New Mexico,Aaron Squares
Portugal,Andrewston,02300,New Mexico,Richardson Summit
Malaysia,North Amber,96324,Massachusetts,James Summit
Senegal,South Amyfurt,46834,New Mexico,Shah Terrace
Bosnia and Herzegovina,New Ryan,26783,Nevada,Curtis Throughway
Cocos (Keeling) Islands,West Michaelton,95759,Arizona,Mark Terrace
India,Lake Chrisberg,78348,South Dakota,Frye Village
American Samoa,Jacksonborough,97929,Delaware,Ellen Overpass
Serbia,Port Linda,59902,Ohio,Goodman Estate
Malta,New Danielle,08792,Kansas,Lori Radial
Cocos (Keeling) Islands,West Kimberly,20620,Florida,Harrison Rapid
Falkland Islands (Malvinas),Lewisborough,79883,Oklahoma,Kimberly Inlet
Sierra Leone,New Robert,27027,Vermont,Brooke Corner
Bosnia and Herzegovina,Ashleystad,94468,Montana,Hull Rest
Morocco,East Austinfurt,53966,Vermont,Travis Valley
Bermuda,Hicksfort,71925,Oklahoma,Davis River
Madagascar,North Kyletown,98580,Kansas,Chelsea Trace
Austria,Lake Patriciachester,92188,New York,Amanda Forges
Brazil,New Laura,84015,Pennsylvania,James Rest
Greenland,Port Sandra,47351,Wisconsin,David Corners
Singapore,New Sean,37740,Utah,Hall Spur
Costa Rica,Russellview,63181,Kentucky,Smith Canyon
Congo,Levineburgh,59294,California,Brewer Village
Georgia,Duncanton,28108,Kansas,Allen Park
Zimbabwe,Beckchester,60619,Connecticut,Angela Roads
Israel,South Johnhaven,09361,West Virginia,Smith Trail
Pakistan,Howardfort,43342,Utah,Byrd Plain
Reunion,Nicholasberg,74273,Oklahoma,Rodriguez Drives
Kiribati,Port Kendramouth,81183,Arkansas,Gonzalez Cape
Djibouti,Traceyhaven,98805,New Mexico,Evans Pass
Guatemala,Hensleyfurt,67845,Colorado,Hernandez Drives
Isle of Man,South Jonathan,40024,Ohio,Martinez Ridge
Georgia,Shellymouth,77094,Nevada,Stevenson Ports
Gabon,Mcneilport,11848,Georgia,Moss Rue
Belize,South Kimberlyborough,35504,Tennessee,Johnson Pike
Papua New Guinea,Port Jodiberg,53076,Pennsylvania,Hicks Mountain
Congo,South Nicole,73133,Maine,Emily Branch
Sudan,Jerrychester,55309,Hawaii,Williams Causeway
Madagascar,New Nicholasstad,19347,Nevada,Jessica Roads
Slovakia (Slovak Republic),North Jordan,97128,Delaware,Warren Valleys
Holy See (Vatican City State),Lake Brian,03982,Arizona,Charles Fork
Bolivia,North Antonio,63699,Oklahoma,Cummings Inlet
Korea,Jeremyton,74935,Maine,Marquez Via
Iceland,East Dannyfort,08878,Tennessee,Christy Haven
China,Finleyport,08996,Massachusetts,Tyler Passage
Slovenia,Johnburgh,65745,Iowa,Ryan Bridge
Comoros,North Belindaport,69500,Texas,Phillips Rapid
Kazakhstan,Kyliechester,50055,Nevada,Thompson View
Indonesia,South Michael,05032,Washington,Sean Village
Dominican Republic,Lancefurt,06415,California,Smith Greens
Canada,Scottshire,84261,Rhode Island,Silva Tunnel
Armenia,Deborahview,36832,Oregon,Booker Spur
Antarctica (the territory South of 60 deg S),Lisahaven,99011,Oklahoma,Howe Hollow
Cocos (Keeling) Islands,South Christopher,09426,Maine,Allen Cove
Fiji,North Williamhaven,39924,Kentucky,Sanchez Estates
Cuba,North Georgeport,61583,Arkansas,Lawrence Mountains
Malaysia,Austinport,37443,North Carolina,Vaughan Trafficway
United Arab Emirates,Carlaborough,08690,North Carolina,Tran View
Uzbekistan,Robertsshire,35241,New Mexico,Cheryl Fall
Malaysia,East Sheliatown,50191,Pennsylvania,Hopkins Corner
Bhutan,Mcconnellmouth,33722,Ohio,Jenna Ways
Nigeria,Johnville,79164,New York,Randy Crossroad
Sierra Leone,Harrismouth,51358,Wyoming,Jones Squares
Sudan,North Christine,53380,Texas,Michael Curve
Cook Islands,Port Mark,77643,Minnesota,Brandon Groves
Kazakhstan,Port Robertchester,54509,Rhode Island,Jimenez Harbors
Reunion,North Michael,08763,New Mexico,Steven Valley
Korea,Laurenchester,52115,Maine,Holt Ridge
Russian Federation,Michelemouth,36867,New Jersey,Kylie Passage
Tokelau,Port Matthewmouth,31779,West Virginia,Donald Hollow
Antarctica (the territory South of 60 deg S),Loweryberg,96395,Rhode Island,Valerie Burg
Niue,North Donaldstad,31867,New York,Wilkins Lake
Swaziland,North Chelsea,51300,Texas,Moss Port
Libyan Arab Jamahiriya,Gentryberg,59735,Virginia,Tucker Walk
Portugal,West Courtneyview,36441,Wyoming,Michael Road
Svalbard & Jan Mayen Islands,Cliffordburgh,86843,Georgia,Brenda Lakes
Jordan,Port Rebecca,29510,Delaware,Holt Inlet
Poland,East Katherine,70253,Utah,James Club
Chile,New Eric,59445,West Virginia,Christian Hollow
Samoa,Deannamouth,90822,Virginia,Bonnie Ramp
Antarctica (the territory South of 60 deg S),Lake Allison,17601,Vermont,Shane Lakes
Cyprus,Ayerschester,46030,Colorado,Brandy Fall
Antarctica (the territory South of 60 deg S),Devonton,04601,Kansas,Scott Drives
Mexico,Bullockville,46763,California,Bradley Motorway
Bahrain,Port Robert,17075,Texas,Roy Rest
Bahrain,North Kristin,86403,New Jersey,Matthew Burgs
Turkmenistan,North Karenview,74290,Arkansas,Jordan Crest
Sao Tome and Principe,North Jeremiahhaven,67434,Kansas,Tracie Mission
Cocos (Keeling) Islands,Caitlinfort,69024,Wisconsin,Marvin Alley
Tanzania,Spencerborough,88836,Vermont,Katherine Square
Bermuda,Brooksstad,37806,North Carolina,Stanley Freeway
French Southern Territories,Lake Susan,43034,Illinois,Jim Knolls
Andorra,Port David,56781,Mississippi,Harrison Courts
Lao People's Democratic Republic,Lake Brenda,02433,Vermont,Martha Trafficway
Antarctica (the territory South of 60 deg S),Beckerview,33610,Kentucky,Chambers Union
Rwanda,Trevorstad,41270,Nevada,James Canyon
Northern Mariana Islands,West Eric,35298,Montana,Sandra Trafficway
Slovenia,Port Mark,70884,New York,Blevins Drive
Greenland,East Cameronmouth,12266,Alaska,Joel Circles
Reunion,Williamshaven,79159,South Dakota,Jerry Mountains
Bouvet Island (Bouvetoya),Morganfurt,79768,Idaho,Bobby Ramp
Djibouti,Patelport,50686,Illinois,Washington Rapid
Belgium,Michaelmouth,88218,Montana,Evan Island
Argentina,Whiteland,04856,Maine,Harris Dale
Haiti,Johnville,32324,Oregon,Joshua Manor
Turkey,Port Cynthiastad,30881,Colorado,Kristen Trafficway
Svalbard & Jan Mayen Islands,South Nicholasfurt,04098,Colorado,Santos Points
Lithuania,Vanessaton,12824,South Carolina,Ortiz Mews
Reunion,Allisonchester,08736,Oregon,Joseph Views
Montenegro,South Craigview,92295,Texas,Bray Drive
Marshall Islands,Courtneyville,78903,Wisconsin,Hatfield Harbors
American Samoa,North Jaime,10486,Rhode Island,Charlotte Neck
Luxembourg,South Daniel,01896,New Mexico,Stephenson Underpass
Bouvet Island (Bouvetoya),East Jason,36539,Wisconsin,Ryan Centers
Libyan Arab Jamahiriya,Carrhaven,03281,Alaska,Kathy Creek
Swaziland,Coreychester,46083,Connecticut,Serrano Rue
Central African Republic,Mitchellmouth,68852,Arizona,Gregory Brook
Netherlands,Allisonport,34706,Massachusetts,Christopher Knolls
Zambia,Brianhaven,73376,Hawaii,Davis Camp
Bahrain,Smithport,72602,California,Jeffrey Wall
Tanzania,South Danielton,34068,Ohio,Brooke Isle
Turks and Caicos Islands,Carlhaven,27166,Michigan,Jordan Tunnel
Kuwait,South Dianeland,63886,Georgia,Kelly Ports
Mauritius,Wolfebury,41597,Michigan,Paul Fields
Cocos (Keeling) Islands,Brittanystad,31449,Indiana,Dana Trafficway
Mauritania,Hillstad,54247,North Dakota,Young Station
Jersey,Port Angela,18842,North Carolina,Anthony Extensions
Sri Lanka,Griffinshire,39118,Ohio,Sandra Camp
Pitcairn Islands,Port Darleneport,60715,Alaska,Curtis Dam
Suriname,Lake Michael,67777,New Mexico,Allen River
Saint Martin,New Valerie,73075,Michigan,Ortiz Alley
Palestinian Territory,North Jamesburgh,29062,Massachusetts,Christine Pass
Georgia,East Stephen,46587,California,Gloria Lakes
Mauritania,South Brandiborough,04831,California,Miller Fall
Brazil,West Kevinside,51020,Kentucky,Pineda Mall
El Salvador,North Masonshire,71684,New Hampshire,Courtney Manor
Italy,Butlertown,46890,Indiana,Bridget Stravenue
Holy See (Vatican City State),Lake Katherineshire,49986,Kansas,Kevin Manor
Greece,New Danielmouth,23619,New Hampshire,Castro Courts
Norway,Lake Angela,00929,Wisconsin,Lisa Cove
Philippines,Mcleanberg,13086,Louisiana,Jacob Roads
Swaziland,Carterside,03099,Mississippi,Butler Ridge
Central African Republic,Jacksonchester,43979,Vermont,Bonnie Knolls
Namibia,New Miranda,55477,Montana,Karen Villages
Morocco,North Jose,75105,Illinois,Andre Loaf
Barbados,New Brittanyshire,14670,Connecticut,Kathryn Run
New Caledonia,Butlermouth,05314,Hawaii,Tyler Springs
United States Minor Outlying Islands,Lake Kelly,37028,Louisiana,Benjamin Heights
Kiribati,Richardsonmouth,40861,Iowa,Martin Ford
Burundi,Lake Lauren,22225,Michigan,Henderson Green
Romania,South Alex,35376,North Dakota,Miller Plaza
Saudi Arabia,Brianborough,80426,Arkansas,Garcia Rapids
United States of America,Daniellechester,30275,Illinois,Matthew Hollow
Saint Vincent and the Grenadines,Heathertown,44119,Georgia,Pugh Cape
Mongolia,Williamsshire,54285,Iowa,Nelson Trafficway
Spain,Lake William,34044,Oklahoma,Reilly Ford
Peru,Walkermouth,24717,Ohio,Hodges Manors
Seychelles,South Jessica,55838,Oklahoma,Shepard Parkway
Australia,North Petermouth,78707,New Mexico,Jessica Ramp
Slovakia (Slovak Republic),Lindaland,96241,Louisiana,Timothy Estate
Oman,Graytown,85913,Nebraska,Jason Springs
Trinidad and Tobago,Nancystad,09057,Idaho,Mendoza Club
Netherlands Antilles,West Loristad,40520,New Mexico,Harper Ramp
South Georgia and the South Sandwich Islands,New Stacietown,45854,Hawaii,Brown Circles
Puerto Rico,Fryside,82447,Arkansas,Jennifer Extension
Faroe Islands,Hamiltonburgh,84998,Utah,Gross Cliffs
Malawi,Gomezland,97148,Pennsylvania,Manning Plaza
Gabon,Christinaside,53215,Louisiana,Christina Underpass
British Virgin Islands,Port Charles,19133,Illinois,Derek Drives
Finland,Port Rebekah,03902,Missouri,Martin Loaf
Mayotte,Washingtonside,96615,Idaho,Richard Stream
Marshall Islands,West Sherryberg,53888,Vermont,Park Turnpike
Trinidad and Tobago,North Annettetown,36785,Colorado,Robinson Path
British Indian Ocean Territory (Chagos Archipelago),Nguyentown,84583,Missouri,Erik Orchard
Saint Helena,Port Caitlinport,02005,Iowa,David Hills
Barbados,North Anthonystad,15321,Colorado,Stephanie Mountain
Samoa,New William,52163,North Carolina,Lisa Expressway
Zambia,Lake Patrick,58961,Connecticut,Michael Burgs
Trinidad and Tobago,East Shawnberg,72403,Alaska,Lewis Grove
Christmas Island,North Samanthashire,19893,Hawaii,Jasmine Canyon
Bahrain,Bradleyview,04190,Rhode Island,Smith Turnpike
Croatia,Lake Nicholasburgh,38177,Connecticut,Cynthia Overpass
Slovenia,Pattersonbury,78754,Indiana,Patricia Canyon
Korea,Allentown,86365,Delaware,Julie Underpass
Dominican Republic,New Alison,22875,Ohio,Julia Parkway
Belize,South Rebeccaville,48832,Tennessee,Taylor River
Senegal,West Andre,10216,Colorado,Jeffrey Crest
Tonga,Elizabethhaven,42354,Delaware,Benson Point
Saint Martin,Franklinside,93887,Nevada,Jeremy Estate
Yemen,Johnville,11329,Minnesota,Graham Rapid
Trinidad and Tobago,Ortegamouth,00973,Louisiana,Hampton Tunnel
Cook Islands,South Ashley,80768,Arkansas,Chad Meadows
Mauritius,Allisonborough,15115,Maryland,Bryan Corner
Cyprus,Jamesview,50981,Alabama,Rebecca Street
Afghanistan,East Carlos,24099,Michigan,Walker Gateway
Chad,East Leslieton,48175,Michigan,Miles Cape
Saint Lucia,Brittneybury,75053,Wyoming,Ray Forks
Brunei Darussalam,Stewarthaven,88424,Texas,Campbell Wall
Timor-Leste,West Scott,39092,Idaho,Sarah Junction
Pakistan,East Kylehaven,87287,Kansas,Angela Lodge
Mozambique,West Kendra,01459,North Carolina,Colleen Burgs
Puerto Rico,Crawfordchester,42177,Illinois,Paul Lakes
Somalia,Griffintown,89216,Rhode Island,Gary Lake
Palestinian Territory,Webbfort,90749,Pennsylvania,Taylor Fall
French Guiana,Charlesfurt,39335,Louisiana,Katelyn Circles
Malta,West Eric,84615,Rhode Island,Rowe Garden
Iceland,Samanthamouth,99743,Arkansas,Gallegos Plaza
Nauru,Waltersborough,70867,New Jersey,Stephen Plains
Marshall Islands,Chandlerborough,03875,Oklahoma,Robinson Forks
Lao People's Democratic Republic,Jonesstad,48227,Minnesota,Brian Dale
Dominican Republic,Perryborough,90105,Oklahoma,Deborah Ways
Libyan Arab Jamahiriya,Kaitlynside,06809,Texas,Caitlyn Streets
Sweden,Sharonberg,98899,Georgia,Catherine Port
Thailand,New Nicholas,60831,Tennessee,Santos Harbor
Andorra,Lake Jennychester,13498,Arizona,Betty Square
Belarus,Mariafurt,55678,Alabama,Jeremy Stravenue
Martinique,Davidside,57876,Utah,Brandt Keys
Peru,West Lawrencebury,72739,Nebraska,Vincent Tunnel
Palau,Marshbury,54586,New Jersey,Rebecca Harbor
Turkmenistan,Jessefort,37398,North Carolina,Herrera Trace
Afghanistan,East Alyssa,13611,New Mexico,John Throughway
French Southern Territories,Baldwinbury,66141,Alaska,Donaldson Mountains
Comoros,Port Scott,40689,Iowa,James Well
Nepal,East Michaelborough,23690,Minnesota,Lisa Loop
Solomon Islands,Haleyport,23085,North Dakota,Brown Well
Cambodia,East Calvinview,17378,Tennessee,Griffith Gateway
Cote d'Ivoire,Port Brianmouth,13974,Montana,Fernandez Village
Kuwait,Wellsbury,31032,Oklahoma,Tamara Turnpike
Kiribati,Wilsonview,09397,Oklahoma,Kevin Causeway
Guam,Bryanfort,08962,Vermont,Meyers Lodge
Switzerland,Moralesberg,60484,Michigan,Saunders Trail
South Georgia and the South Sandwich Islands,Hortonport,18065,Alaska,Brian Green
Jersey,South Alejandro,85457,New Hampshire,Fuentes Drive
Korea,Lake Thomas,62621,Maine,Mejia Islands
Ghana,North Robertmouth,98307,Nebraska,Jeremy Points
Australia,Harmonshire,92586,Ohio,Stanley Hill
Brazil,North Emilymouth,79205,Massachusetts,Beth Ranch
Iceland,Harrishaven,24499,Rhode Island,Brown Square
Palau,Sydneyburgh,42984,Nevada,Adkins Terrace
Iraq,South Sherrytown,61735,Washington,Amber Dam
Algeria,Lake Matthewfurt,32151,Texas,Jason Plains
Australia,East Christineshire,97576,Kentucky,Robert Way
Uzbekistan,New Mark,23881,Connecticut,Morgan Drive
Lithuania,West Jason,48487,Michigan,Diaz Meadow
Seychelles,Richardville,61611,Vermont,Johnson Track
Mali,Port Brianstad,50600,Delaware,Holly Skyway
Cambodia,Port Brandonport,28411,Massachusetts,Mckenzie Burgs
Mexico,North Jennifermouth,42193,Wisconsin,Neal Freeway
Antarctica (the territory South of 60 deg S),Ruthville,92007,Washington,Jennings Walks
Honduras,West Sierra,79683,Massachusetts,Fox Valleys
Azerbaijan,Lancemouth,86631,Wyoming,Sally Spring
Romania,Marvinberg,16922,California,Jack Creek
Thailand,Rachelmouth,50340,Ohio,Bennett Meadows
Algeria,Debratown,47121,Utah,Marks Forks
Senegal,Frazierstad,69908,New York,Kristen Forges
Mongolia,Murphyshire,08723,Tennessee,Willis Key
Armenia,Tracimouth,72849,Massachusetts,Julie Ramp
Eritrea,South Evan,20856,Virginia,Collins Island
Western Sahara,Amyborough,85589,Arizona,Grant Stream
Bolivia,South Kenneth,58160,Maine,Lewis Views
Norway,Reyesmouth,85037,Alabama,Wayne Street
Heard Island and McDonald Islands,Horneside,53931,Oklahoma,Brown Valley
Burundi,North Sandra,14582,Nevada,Robinson Divide
Ireland,Lindastad,63429,Pennsylvania,Banks Mall
Isle of Man,Bautistamouth,22696,Oregon,Daniel Parkway
Venezuela,West Johnton,25675,Maryland,Grant Street
Tonga,Shelbychester,66669,Pennsylvania,Smith Mews
Sweden,Marthaton,54123,Texas,Stuart Underpass
Kyrgyz Republic,Linstad,10423,Maryland,Park Mews
Algeria,Adamshire,71225,Utah,Melanie Stream
Bangladesh,Hallville,70210,Arizona,Walker Light
Macao,New Audrey,28222,Florida,Gordon Coves
Portugal,Lake Thomaston,32016,Colorado,Thomas Mission
Netherlands Antilles,New Jasonland,78891,Delaware,Anderson Oval
Bouvet Island (Bouvetoya),Williefort,61924,Kentucky,Graham Walk
Cook Islands,Lake Kathy,02057,Minnesota,Walker Manor
Ethiopia,East Jasonport,58134,Nevada,Olsen Park
Northern Mariana Islands,Port Christopher,36593,New York,Whitney Greens
India,Campbellbury,69898,North Carolina,Barnes Route
Congo,Wyattfurt,19479,Oregon,Nicole Street
United States of America,Doylestad,00616,Virginia,Simpson Mission
Zambia,Lake Sethmouth,09025,Wyoming,Brandon Spring
China,South Thomas,59424,West Virginia,Joshua Lake
Montserrat,Port Peggy,32109,California,Dixon Fords
Turkmenistan,New Alexandra,56892,Maine,Rachael Mall
Kazakhstan,South Andreaberg,92675,Texas,Smith Tunnel
Finland,Franciscoland,44644,Hawaii,King Centers
Isle of Man,Port Kristychester,36281,West Virginia,Myers Loaf
Saint Pierre and Miquelon,Port Bradley,47384,South Carolina,Kevin Course
Uzbekistan,North Seanville,24238,Idaho,Stephanie Prairie
Afghanistan,Mcculloughfort,46227,Arizona,Nicole Passage
Nigeria,Anthonyfurt,19274,Texas,Jason Land
Vietnam,New Brandyfurt,00787,Arkansas,Sarah Course
Christmas Island,Curtishaven,18953,Kansas,Bridges Ridges
Cayman Islands,New Alexander,74279,Nebraska,Hutchinson Lock
Egypt,Wallerview,47015,Minnesota,Nancy Turnpike
New Zealand,Michelleport,07315,Kentucky,Bobby Parkway
Uruguay,South Kathyton,10728,Idaho,Rachel Ports
Bolivia,Lake Eric,75831,Connecticut,Dean Ranch
Northern Mariana Islands,Crosbyland,48287,Kansas,Rose Glen
Marshall Islands,East Jesse,19463,Rhode Island,Moore Turnpike
Bhutan,South Lisa,83873,Indiana,Tanya Plain
Thailand,North Ashleyborough,50359,Tennessee,Porter Passage
Libyan Arab Jamahiriya,South Elizabethbury,29401,Illinois,John Ridges
Iraq,North Sheilashire,39544,Texas,Cannon Lights
Djibouti,West Steven,68915,Utah,Gregory Extensions
South Georgia and the South Sandwich Islands,Nicoleview,19673,Texas,James Mountain
Bermuda,Smithfort,45383,West Virginia,Michael Station
Brunei Darussalam,South Laurie,60503,Utah,Curtis Island
Guinea,Websterport,94446,New Hampshire,Romero Isle
Canada,New Jim,33236,Arizona,Nathaniel Land
Turks and Caicos Islands,Guzmanhaven,87916,Massachusetts,Wells Junction
Rwanda,Lake Christopher,18090,Ohio,Denise Drive
Thailand,Perkinsfort,53495,California,Warren Loaf
Panama,Rebeccabury,04828,North Dakota,Lynn Rapid
Saint Pierre and Miquelon,Millerfort,48650,Kentucky,Kirk Fork
Gambia,South Ivan,01641,Indiana,Robert Plains
Poland,Millsport,37263,Rhode Island,Gary Islands
Malawi,Davisberg,58335,Arizona,Sullivan Course
French Guiana,North Lisa,02334,Indiana,Jennings Bypass
Gibraltar,Lake David,61581,Minnesota,James Land
United States Virgin Islands,East Patricia,29142,Montana,Martinez Spurs
Holy See (Vatican City State),South Jessicaport,30743,Florida,Cooper Cliffs
Peru,South Stevenhaven,74289,California,Moore Cove
Latvia,Shannonton,54768,North Dakota,York Road
Bulgaria,East Krista,97800,Pennsylvania,Little Loop
Finland,East Erin,96546,Florida,Green Lights
Bahamas,East Tiffanymouth,95330,New Jersey,Atkins Gateway
French Southern Territories,Webbborough,69144,Washington,Alvarez Light
Aruba,East Cheryl,35154,Kentucky,Melissa Junctions
Guinea,New Stephen,40311,Rhode Island,Dawn Prairie
Samoa,Tylerchester,37788,Florida,Cory Squares
Haiti,North Aimeehaven,10457,Virginia,Jacobson Well
Angola,Russellville,41051,South Dakota,Miller Vista
Saint Martin,Lake Patrick,25705,Arkansas,Martinez Cove
Turks and Caicos Islands,Gentryport,34223,Louisiana,Joyce Tunnel
Hong Kong,Jamesborough,60598,Nebraska,Mills Walks
Gibraltar,Williamshire,04413,Mississippi,Gomez Prairie
Egypt,East Jaredside,90784,Kentucky,Michelle Cove
Botswana,Diazfurt,10336,Illinois,Moran Points
Tanzania,Dennisstad,29136,Oregon,Carlson Union
Mozambique,South Joshuaville,69230,Minnesota,Tara Way
Djibouti,Barnettside,88504,Massachusetts,Randall Springs
Svalbard & Jan Mayen Islands,Michaelmouth,28887,Arizona,Orr Harbor
Denmark,Lake Jordanside,70805,New Hampshire,Gonzalez Plains
Faroe Islands,Rowlandmouth,78231,Nevada,Rhonda Lights
Guyana,New Katrinabury,50846,Nevada,Jackson Prairie
Italy,North Todd,11758,New Mexico,Thomas Lights
Nepal,Kevinland,99619,Louisiana,Davis Point
Sri Lanka,North Nancymouth,69902,Kentucky,Joseph Mountains
Cameroon,East Lanceton,65439,Iowa,Emily Island
Saint Barthelemy,West Krista,59325,Illinois,Evelyn Village
Kuwait,Jonathanchester,63642,Michigan,Keith Tunnel
Libyan Arab Jamahiriya,Port Christopher,54686,Maryland,Oneill Spurs
Namibia,South Chadville,32536,Delaware,John Plaza
Korea,Wilkinsonshire,85192,South Carolina,Boyd Pines
Germany,Lake Adamland,55908,Rhode Island,Bright Way
Cambodia,Fergusonberg,58825,New Mexico,Cooper Isle
Bolivia,Richardshaven,12604,Virginia,Kristin Mountains
San Marino,New David,76620,Texas,Stephanie Manors
Comoros,Edwardfort,33500,Hawaii,Erickson Valleys
Turks and Caicos Islands,New Alexandriastad,46136,California,Cherry Parks
Guinea,Lake Mitchellchester,10017,South Carolina,Acosta Estates
Angola,Flemingbury,59199,Missouri,John Park
New Zealand,Jerryport,37818,Texas,Jones Stream
Equatorial Guinea,Joshuaton,07917,West Virginia,Shaun Village
Somalia,Wallerport,43041,Oklahoma,Nicole Mission
Brazil,Johnsonville,50344,Utah,Poole Road
Singapore,Blairside,20535,Nebraska,Reynolds Mission
Brazil,Lake Manuelchester,51440,South Carolina,Christopher Falls
French Southern Territories,Lake Richard,81546,Texas,Benjamin Causeway
Hungary,Darleneborough,70637,Idaho,Matthews Dale
Korea,North Francis,17876,New Mexico,Allison Forest
Tuvalu,Mcleanborough,81248,New Jersey,Logan Lane
Tanzania,Kathrynstad,78869,Florida,Nancy Tunnel
Portugal,Herreraborough,62717,Tennessee,Ray Oval
Vietnam,Latashaberg,01263,Texas,Jacob Cove
Egypt,Port Kimberlychester,49591,Florida,Cruz River
Suriname,Lake Bryanmouth,22696,Rhode Island,Lopez Cliffs
Guinea,Caseyberg,80218,Illinois,Wilcox Forest
Angola,West Christinaville,52487,Virginia,Hurley Field
Slovenia,Johnsonchester,15587,Rhode Island,Hutchinson Ports
Switzerland,Amandaberg,03640,Illinois,Ramirez Plaza
Denmark,Schultzport,52557,Kansas,Howard Shoal
Liberia,Lake Edwardfurt,98149,Massachusetts,Murray Well
Bulgaria,West Michael,08456,Florida,Gray Pike
Guinea-Bissau,East Heidi,23607,Nevada,Cole Locks
Heard Island and McDonald Islands,Karentown,84246,Michigan,Katrina Inlet
New Zealand,Thomasport,04068,Florida,Kidd Ways
Bouvet Island (Bouvetoya),North Adam,12795,Montana,Wilson Street
Yemen,Kaylatown,84382,Washington,Katherine Isle
Papua New Guinea,Elizabethborough,29473,Connecticut,William Land
Turkmenistan,West Kimberly,94266,New York,Smith Heights
Trinidad and Tobago,Port Susan,04418,Iowa,Tracy Points
Liechtenstein,East Michael,39631,Utah,Tiffany Flats
Maldives,New Tyler,28844,Arkansas,Miranda Drive
United Kingdom,Linside,71758,Texas,Christina Plaza
Congo,Lake Eric,22401,Oklahoma,Gould View
Seychelles,Port Erin,64279,Mississippi,Robert Cliffs
