company,budget,deadline,projectStatus,projectName
Stevens LLC,136743.27,2025-10-12 16:05:23,Completed,Customizable directional conglomeration
Valdez-Carney,368538.88,2026-03-09 09:59:41,Completed,Cross-group web-enabled policy
Taylor PLC,30023.39,2026-08-10 03:50:43,In Progress,Reactive well-modulated workforce
Atkinson and Sons,309693.81,2026-11-08 04:34:31,On Hold,Adaptive full-range superstructure
"Jones, Brown and Mcgrath",319674.38,2026-09-06 21:31:22,Completed,Universal client-server moratorium
Webb-Pena,220088.1,2026-06-20 08:42:54,On Hold,Face-to-face directional installation
"Porter, Flores and Mayer",254644.11,2025-06-06 20:41:38,On Hold,Robust cohesive orchestration
"Galvan, Martinez and Bell",70812.28,2026-08-05 21:53:17,Not Started,De-engineered national system engine
Daniels LLC,161509.68,2025-02-08 12:07:33,In Progress,Ergonomic disintermediate array
Carroll-Williams,89209.97,2025-05-31 19:47:24,Cancelled,Function-based national database
"Evans, Kramer and Lane",463188.9,2025-07-20 13:22:27,In Progress,De-engineered modular instruction set
Johnson-Bray,213236.07,2025-12-17 00:10:35,In Progress,Vision-oriented uniform leverage
"Jones, Johnson and Brewer",40978.67,2026-07-14 11:05:35,Cancelled,Phased transitional emulation
"Avery, Joseph and Adkins",103818.47,2026-05-03 21:26:07,Not Started,Total actuating analyzer
"Ward, Lloyd and Williams",365737.52,2025-02-01 01:51:26,Not Started,Implemented intangible functionalities
English-Chang,213952.19,2026-06-06 19:38:48,Completed,Adaptive non-volatile neural-net
"Jackson, Austin and Marshall",141050.79,2024-12-27 08:24:02,Completed,Centralized multimedia support
Chapman-Mcneil,27164.42,2025-05-27 03:15:40,Not Started,Virtual asymmetric Internet solution
Reeves-Cherry,296306.79,2026-06-28 21:01:58,Not Started,Programmable mission-critical process improvement
Garcia-Bailey,418016.14,2026-09-14 21:59:03,Not Started,Secured maximized solution
"Griffin, Livingston and Ray",203509.55,2026-01-08 20:08:29,On Hold,Function-based client-server open system
"Wright, Martin and Stewart",112968.61,2026-10-07 11:53:03,In Progress,Pre-emptive radical help-desk
Moore LLC,102636.89,2026-10-07 08:38:00,Completed,Adaptive 24/7 website
Mccoy Ltd,351612.18,2025-02-18 13:47:28,Cancelled,Sharable mobile paradigm
Brewer PLC,108466.94,2026-08-17 14:56:22,Completed,Balanced bifurcated analyzer
Payne-Torres,393514.28,2025-01-26 11:02:21,Completed,Networked leadingedge database
Walker PLC,336657.25,2025-01-21 16:36:42,On Hold,Polarized executive orchestration
Hughes PLC,266444.38,2025-09-17 07:25:21,Cancelled,Secured heuristic pricing structure
Miller-Pearson,147168.89,2026-06-03 16:01:38,Not Started,Multi-tiered context-sensitive open system
Campbell-Owens,343538.4,2025-03-22 16:36:29,On Hold,Synergized 4thgeneration collaboration
Garcia and Sons,261715.11,2026-01-16 21:38:30,In Progress,Proactive logistical matrices
Willis Group,278478.91,2026-10-03 03:55:26,In Progress,Visionary fault-tolerant infrastructure
Anderson PLC,370745.69,2026-05-17 23:07:45,On Hold,Automated directional superstructure
"Molina, Sutton and Cain",393956.59,2025-03-31 07:05:37,In Progress,Vision-oriented uniform open architecture
Wilkerson Inc,51966.14,2025-02-05 07:48:08,Completed,Persistent 24hour benchmark
Daniels-Jones,170514.93,2026-06-14 12:20:00,Not Started,Cross-group exuding artificial intelligence
"Jones, Carlson and Fields",477707.92,2025-10-10 02:38:59,In Progress,Synergistic heuristic success
Richardson Ltd,336029.06,2025-02-22 21:01:32,Completed,Decentralized directional benchmark
Caldwell-Wright,447740.12,2025-06-19 00:13:16,On Hold,Versatile 6thgeneration ability
White-Phillips,315728.88,2025-07-01 03:29:43,Cancelled,Distributed heuristic workforce
Lee LLC,284175.61,2025-09-18 22:16:32,In Progress,Re-contextualized real-time array
Walsh Inc,64601.11,2025-03-14 14:17:48,Not Started,Universal fresh-thinking Graphical User Interface
"Pham, Gray and Nichols",106302.83,2025-03-03 22:33:11,Not Started,Secured empowering paradigm
Trevino-Casey,467660.98,2026-05-28 13:55:48,Cancelled,Polarized modular methodology
Welch-Anderson,247243.9,2026-05-04 23:22:19,In Progress,Cloned static architecture
"Young, Melendez and Bailey",65215.49,2025-05-31 17:48:18,In Progress,Triple-buffered zero-defect middleware
Santiago and Sons,66743.6,2024-12-06 14:11:05,Completed,Down-sized dedicated product
Mcdowell-Tucker,242789.22,2024-12-30 18:39:58,Completed,Optional bifurcated pricing structure
Johnson Inc,46427.24,2025-11-29 20:18:50,Not Started,Cross-group fresh-thinking challenge
Valencia Group,296271.62,2026-03-03 16:14:06,Cancelled,Universal systematic info-mediaries
Harvey-Gallagher,413054.92,2024-12-01 02:12:37,Cancelled,Grass-roots analyzing migration
Williams-Nguyen,34950.29,2025-07-14 17:16:49,On Hold,Compatible intangible encryption
Barnett PLC,385756.26,2024-12-20 05:45:41,In Progress,Integrated value-added knowledge user
Acosta-Brown,224666.9,2025-10-08 09:27:04,On Hold,Inverse modular parallelism
"Brown, Bennett and Cardenas",116371.06,2024-12-06 15:52:06,Cancelled,Customer-focused reciprocal application
Salazar-Byrd,443754.36,2026-02-21 17:16:58,Cancelled,Centralized mobile task-force
"Haynes, Blanchard and Mitchell",33307.33,2026-03-06 06:34:55,Cancelled,Reduced grid-enabled model
Jones PLC,238508.86,2025-12-28 10:28:40,In Progress,Vision-oriented contextually-based help-desk
"Anderson, Greene and Moses",462474.27,2026-11-26 20:05:54,In Progress,Object-based demand-driven installation
"Collier, Evans and Craig",312606.8,2026-04-07 01:32:27,Not Started,Optional client-server structure
Martin Inc,284991.13,2025-06-29 12:11:39,Completed,Phased content-based approach
"Kent, Carroll and Burton",151005.36,2025-10-25 17:30:15,On Hold,Assimilated value-added policy
"Powell, Gross and Blackburn",209415.13,2026-08-25 06:26:22,On Hold,User-centric value-added emulation
Montoya Ltd,139148.39,2026-09-04 01:21:15,On Hold,Balanced client-driven initiative
Francis and Sons,454197.97,2025-09-30 03:14:17,Not Started,Ameliorated static benchmark
Strickland LLC,186466.49,2026-11-08 01:47:13,Completed,Right-sized well-modulated definition
"Stokes, Roman and Jones",225298.16,2024-12-27 08:17:36,Not Started,Organized contextually-based installation
Robinson LLC,494989.72,2026-03-08 17:43:53,In Progress,Face-to-face asymmetric website
"Little, Baird and Rivera",427858.91,2026-04-18 23:04:42,In Progress,Multi-layered intangible toolset
Allen Ltd,120569.12,2025-08-25 11:49:56,Completed,Customer-focused attitude-oriented capability
"Brown, Pollard and Owen",425502.06,2025-06-26 17:06:55,Completed,Extended upward-trending approach
Cherry Inc,435064.16,2025-11-30 10:41:22,In Progress,De-engineered national collaboration
Wallace-Smith,150359.78,2026-01-01 15:07:04,Not Started,Polarized dedicated customer loyalty
Moore-Sherman,224658.29,2025-10-29 20:47:57,Cancelled,Monitored mobile time-frame
Sullivan LLC,409530.89,2025-12-04 07:22:08,In Progress,Inverse background software
Bender Group,7173.62,2026-04-14 06:13:18,Cancelled,Exclusive human-resource functionalities
Avery PLC,269083.93,2025-09-14 11:19:52,Not Started,Multi-channeled holistic policy
Chang and Sons,185928.38,2026-04-10 05:10:48,Completed,Reduced eco-centric firmware
Ortiz and Sons,305072.19,2025-08-02 06:36:15,In Progress,Centralized optimizing hardware
Richardson and Sons,41819.72,2025-06-09 13:11:21,In Progress,Versatile multimedia leverage
Bowen-Orr,465192.19,2025-05-04 21:56:25,On Hold,Adaptive content-based benchmark
"Wilson, Oneill and Pittman",465244.8,2026-07-25 00:10:11,On Hold,Virtual 24hour array
Alvarez and Sons,326828.41,2025-10-26 02:54:54,Not Started,Multi-tiered explicit database
Gibson Inc,25246.97,2025-04-17 08:21:12,In Progress,Innovative 24hour hardware
"Anthony, Porter and Abbott",107743.39,2026-03-27 03:43:56,On Hold,Realigned object-oriented conglomeration
Taylor-Williams,122499.2,2026-08-05 20:10:50,On Hold,Progressive real-time core
"Pratt, Mullins and Singh",88520.25,2025-10-17 11:42:08,Completed,Managed 6thgeneration portal
Rodriguez-Cole,357034.9,2025-04-28 02:06:16,On Hold,Fundamental non-volatile knowledgebase
Austin-Rodriguez,315572.72,2025-01-28 01:40:20,In Progress,Customizable bifurcated throughput
Adams-Fowler,372077.38,2026-01-15 05:14:06,In Progress,Future-proofed optimal Graphical User Interface
Parker LLC,460428.28,2026-11-03 04:39:31,Completed,Face-to-face asynchronous secured line
Ayers LLC,362557.14,2026-04-17 20:11:35,On Hold,Seamless bi-directional core
Tapia PLC,73616.36,2026-07-16 06:54:01,Not Started,Ameliorated radical extranet
Spencer-Whitehead,40450.74,2026-08-29 13:24:57,In Progress,Cloned well-modulated software
"Wang, Green and Rogers",159301.74,2025-06-06 18:51:11,On Hold,Cross-group 24hour complexity
Gonzalez-Lee,431511.14,2026-09-24 16:14:10,Cancelled,Synergized intangible frame
Bailey PLC,325489.86,2025-02-23 20:16:19,On Hold,Universal reciprocal extranet
Brown-Rose,426965.32,2026-10-19 22:14:35,Completed,Universal high-level project
Campos-Edwards,390952.99,2026-07-31 19:02:02,On Hold,Upgradable client-server definition
Nichols-Watkins,480180.55,2025-01-14 17:58:12,In Progress,Object-based optimal moderator
Diaz-Jacobson,431946.7,2025-07-12 22:01:37,Not Started,Progressive methodical task-force
Kane-White,32594.93,2026-08-07 12:52:56,On Hold,Customer-focused fault-tolerant conglomeration
Grant Group,55269.47,2025-04-30 19:32:57,In Progress,Devolved client-server help-desk
Gay-Morgan,474409.96,2026-08-20 08:06:07,In Progress,Future-proofed 24hour emulation
Torres-Carrillo,45455.53,2025-11-25 14:27:17,Not Started,Quality-focused intermediate interface
Sanders Group,452486.29,2025-05-28 18:11:13,In Progress,Vision-oriented optimizing complexity
"Jones, Lopez and Fitzgerald",45273.09,2025-09-30 03:49:02,On Hold,Cloned asynchronous leverage
Rhodes-Hughes,382673.6,2025-06-22 19:42:22,On Hold,De-engineered mission-critical circuit
Hill and Sons,96217.35,2025-03-10 02:10:19,On Hold,Networked tertiary hub
Crosby PLC,318000.91,2025-03-11 16:23:16,In Progress,Up-sized well-modulated synergy
Cisneros Ltd,257486.35,2025-08-26 06:14:22,Cancelled,Cross-platform 6thgeneration success
Reynolds PLC,140599.59,2025-10-24 02:40:49,Cancelled,Secured uniform neural-net
Wu PLC,158135.27,2025-04-03 15:17:00,Cancelled,Expanded asymmetric knowledgebase
Gallagher-Stewart,365006.03,2026-05-18 23:46:34,Cancelled,Inverse demand-driven toolset
"Wyatt, Crawford and Williamson",189848.13,2025-12-25 18:45:39,Not Started,Fundamental fault-tolerant database
Shaffer Inc,412227.9,2025-04-16 19:26:55,Cancelled,Enterprise-wide value-added service-desk
Allen LLC,443521.63,2025-10-30 01:28:18,Completed,Optimized 6thgeneration frame
Richmond and Sons,209798.13,2024-11-28 17:28:54,In Progress,Re-engineered secondary secured line
"Rodriguez, Franklin and Moore",347905.26,2026-08-14 12:00:28,Not Started,Ameliorated content-based framework
Brady-Castillo,334099.93,2026-09-08 11:48:00,Not Started,Centralized transitional initiative
Ross-Huynh,113403.62,2025-04-01 20:16:23,Cancelled,Configurable methodical standardization
"Norton, Wheeler and Wilson",169331.33,2025-09-11 02:16:22,Not Started,Object-based non-volatile open architecture
Chavez-Carroll,473499.49,2025-10-24 13:04:59,In Progress,User-centric web-enabled ability
Martinez Inc,323543.69,2026-02-12 14:03:37,Completed,Innovative heuristic algorithm
Graves PLC,242623.58,2026-08-07 12:22:32,In Progress,Adaptive tertiary architecture
"Mcgee, Price and Vargas",191983.88,2025-02-06 11:56:10,Not Started,Monitored systematic ability
Michael Inc,118906.14,2025-06-08 19:46:16,Cancelled,Pre-emptive intermediate info-mediaries
Anderson Group,227674.05,2025-06-09 16:30:31,Cancelled,Open-source stable budgetary management
"Miller, Hernandez and Young",324172.59,2026-02-12 07:10:22,On Hold,Robust executive throughput
"Sweeney, Velasquez and Mathews",446842.03,2025-01-16 09:59:46,In Progress,Public-key contextually-based algorithm
Ryan Inc,208572.22,2026-06-25 20:57:21,In Progress,Team-oriented heuristic frame
Mccarthy-Bradley,420558.64,2026-10-04 09:18:08,Not Started,Optional zero-defect analyzer
Sutton and Sons,349059.69,2026-07-16 17:37:43,Not Started,Networked methodical parallelism
Wilson-Coffey,445157.3,2025-08-29 04:18:43,In Progress,Down-sized context-sensitive system engine
Rodgers Group,400311.73,2026-04-23 04:47:57,On Hold,De-engineered encompassing workforce
Campos LLC,344064.34,2026-04-22 01:07:04,On Hold,Enterprise-wide contextually-based service-desk
Gonzalez-Evans,68474.69,2025-04-12 00:18:02,Not Started,Innovative multimedia time-frame
Jimenez-Cole,58375.28,2025-08-20 15:36:11,Completed,Advanced human-resource Local Area Network
Mahoney-Nguyen,81566.61,2025-06-17 00:06:47,In Progress,Integrated dynamic software
Lane Inc,232066.79,2025-03-23 16:41:43,In Progress,Persistent multimedia neural-net
Swanson-Smith,179652.46,2025-04-25 21:28:21,Not Started,Configurable multimedia analyzer
Bernard Group,322696.99,2025-02-06 23:12:19,Cancelled,Diverse maximized parallelism
"Barker, Nguyen and Aguilar",307353.26,2026-05-18 00:42:57,On Hold,Advanced dynamic projection
"Castillo, Terry and Rogers",46338.41,2025-08-07 02:42:59,Completed,Re-engineered bottom-line artificial intelligence
Harrell-Duncan,54365.82,2026-09-18 03:13:00,In Progress,Configurable methodical infrastructure
White-Silva,14096.84,2025-07-14 07:44:00,In Progress,Triple-buffered transitional software
"Walton, Diaz and Johnson",171955.27,2025-11-23 05:48:20,Completed,Self-enabling 4thgeneration instruction set
Reed Inc,167263.73,2025-06-08 10:38:21,On Hold,Front-line context-sensitive forecast
Garcia-Salas,87026.92,2025-12-15 16:37:54,In Progress,Organized responsive challenge
"Gonzales, Taylor and Heath",162213.37,2025-05-29 10:16:48,Not Started,Distributed discrete ability
Pacheco-Freeman,469102.33,2026-02-07 11:08:09,Completed,Versatile impactful migration
Baker-Gonzalez,209152.98,2025-07-20 11:28:39,On Hold,Exclusive dedicated complexity
Hale and Sons,264891.91,2026-03-30 10:03:52,In Progress,Multi-tiered clear-thinking hierarchy
Houston-Young,201589.9,2026-09-03 01:20:03,Cancelled,Integrated methodical parallelism
Logan-Lopez,293533.0,2026-10-25 02:51:27,Completed,Robust homogeneous interface
Welch-Johnson,411401.86,2026-01-04 19:46:24,Not Started,Distributed multimedia time-frame
"Wilcox, Reyes and Mendoza",181085.45,2025-05-07 04:45:15,Not Started,Reverse-engineered demand-driven algorithm
"Mercado, Dunlap and Jackson",443996.62,2025-05-12 04:35:09,In Progress,Enterprise-wide static structure
Ortiz Inc,330789.69,2026-10-11 23:47:47,Cancelled,Versatile well-modulated application
Robinson-Pace,176383.28,2026-07-16 20:14:11,Not Started,Profit-focused real-time throughput
Barber-Hoffman,110243.43,2026-11-07 14:25:19,Not Started,Multi-channeled background Local Area Network
"Jackson, Coleman and Vargas",109646.31,2026-11-21 05:34:27,On Hold,Compatible high-level hardware
Jones LLC,330897.23,2025-07-01 16:31:55,Not Started,Multi-channeled 3rdgeneration info-mediaries
Bullock-Walters,323136.35,2025-07-27 17:12:26,In Progress,Profound actuating system engine
Walker and Sons,174853.78,2026-09-23 17:00:42,On Hold,Fundamental multimedia model
Taylor Group,293638.94,2025-04-29 08:12:58,On Hold,De-engineered regional Graphical User Interface
Brown-Smith,35780.06,2026-09-18 02:11:01,Cancelled,Robust heuristic moratorium
"Gilbert, Allen and Vazquez",352729.71,2025-05-29 10:29:46,Not Started,Front-line clear-thinking customer loyalty
Walker-Horne,349837.56,2025-08-09 09:19:36,Cancelled,Profound executive functionalities
Taylor PLC,143587.36,2026-01-29 01:30:17,Cancelled,Integrated reciprocal capability
Watson PLC,205210.24,2025-12-19 05:56:50,In Progress,Fundamental asymmetric customer loyalty
"Brown, Fox and Wilson",345834.67,2025-02-09 22:24:16,On Hold,Mandatory homogeneous framework
Bautista-Webb,79467.78,2025-04-03 01:53:11,Completed,Mandatory eco-centric paradigm
"Martin, Huffman and Meyers",371217.14,2026-07-15 11:07:19,Completed,Cross-platform stable software
Thomas-Meza,171805.33,2025-06-28 21:56:01,On Hold,Progressive stable collaboration
Walton-Phillips,316903.54,2026-02-03 08:36:54,On Hold,Optimized incremental data-warehouse
Arnold PLC,42829.11,2025-03-27 17:43:08,In Progress,Grass-roots cohesive adapter
"Walker, Mcclure and Miller",147331.93,2026-09-10 17:46:25,Completed,Networked uniform toolset
"Knight, Hutchinson and Wilson",302389.92,2026-06-09 08:02:21,Cancelled,Grass-roots upward-trending interface
Murphy LLC,5155.69,2024-12-19 00:44:11,Cancelled,Robust contextually-based data-warehouse
Mitchell Inc,88213.11,2025-02-19 08:03:39,Not Started,Open-architected radical parallelism
"Bolton, Santiago and Schwartz",368967.55,2025-04-07 15:50:21,Cancelled,Mandatory human-resource contingency
Smith PLC,461836.61,2026-01-17 22:48:15,Cancelled,Ergonomic national frame
Snyder Inc,433588.92,2025-10-27 10:58:24,Completed,Function-based fault-tolerant budgetary management
Johnson-Wallace,416652.43,2026-04-11 02:25:05,Completed,Sharable mobile portal
"Carpenter, Cooper and Davidson",248568.05,2025-01-07 21:12:53,Not Started,Triple-buffered leadingedge implementation
Wilson-Ortiz,15496.59,2025-03-16 11:12:30,Cancelled,Assimilated maximized flexibility
Henderson and Sons,114642.49,2026-08-12 08:23:24,Not Started,Realigned zero administration algorithm
"Stephens, Chapman and Reed",297305.45,2026-04-02 21:25:41,Not Started,Expanded zero administration emulation
Thomas-Horton,19646.83,2025-07-26 13:29:15,On Hold,Open-architected national Graphical User Interface
Hernandez-Aguirre,114249.18,2026-05-28 05:52:28,In Progress,Proactive dedicated Local Area Network
Nguyen Ltd,444018.4,2026-06-11 11:28:59,On Hold,Cross-group content-based groupware
"Ramirez, Turner and Herring",327823.37,2026-04-12 04:30:05,Completed,Multi-channeled zero tolerance forecast
Wilson Ltd,262866.01,2026-03-26 12:37:53,Completed,Down-sized intermediate project
Anderson-Craig,410742.24,2026-11-02 22:11:40,Not Started,Fundamental zero tolerance workforce
Mitchell-West,464924.99,2026-03-14 20:50:05,On Hold,Advanced regional throughput
"Macias, Johnson and Miller",358033.25,2025-07-26 08:18:51,In Progress,Networked 24/7 concept
"Irwin, Perez and Calhoun",390077.72,2026-07-16 08:44:31,Cancelled,Enhanced bifurcated toolset
Herrera PLC,65021.1,2025-05-18 16:58:39,On Hold,Digitized eco-centric projection
"Morris, Burke and Gonzalez",427479.37,2026-11-10 13:54:58,On Hold,Stand-alone 3rdgeneration emulation
Lopez Inc,113751.11,2026-11-08 05:21:20,Completed,Upgradable zero administration matrix
"Torres, Mccullough and Smith",256918.88,2026-09-22 08:24:19,Cancelled,Cross-platform mobile policy
Andrews-Ellis,325833.39,2025-03-04 07:55:23,Cancelled,Face-to-face intangible extranet
Johnston PLC,161172.52,2026-02-15 14:10:30,Not Started,Realigned executive superstructure
Reed-Santiago,289645.19,2026-01-10 02:04:13,Not Started,Upgradable foreground flexibility
Summers-Dodson,184057.2,2025-09-03 21:46:53,Cancelled,Digitized local help-desk
Smith-Hernandez,289312.5,2026-05-01 01:16:49,Completed,Horizontal directional instruction set
Pittman Group,360110.93,2026-03-31 19:27:13,Not Started,Re-engineered secondary frame
Kelley-Lamb,488069.54,2025-10-21 10:10:45,In Progress,Sharable interactive Local Area Network
Myers Inc,464046.21,2025-06-22 09:33:28,In Progress,Realigned multimedia instruction set
"Taylor, Smith and Peterson",371988.34,2025-02-01 14:22:51,On Hold,Expanded impactful application
Medina Ltd,334205.1,2025-04-24 22:07:28,Cancelled,Balanced dedicated system engine
Johnson Ltd,468077.35,2026-05-30 00:36:19,Completed,Reduced background ability
"Peterson, Williams and Silva",286560.09,2024-12-01 16:36:33,On Hold,Seamless intermediate paradigm
Gross-Walker,310222.39,2026-07-03 10:31:12,In Progress,Organized regional encryption
"Cordova, Smith and Rodriguez",253831.05,2026-08-23 15:47:28,In Progress,Versatile 4thgeneration archive
Ramirez PLC,337426.6,2024-11-29 12:24:59,Not Started,Managed mobile extranet
Washington-Thomas,319582.73,2026-07-05 00:08:02,Not Started,Optimized solution-oriented task-force
"Wong, Thomas and Donovan",114933.71,2025-10-15 16:44:52,Completed,Team-oriented foreground strategy
Berger-Michael,198994.31,2026-05-03 23:32:43,Cancelled,Centralized uniform contingency
"Adams, Young and Burns",481790.58,2026-06-03 06:49:42,Not Started,Extended local system engine
Hamilton-Buckley,343588.7,2026-04-14 22:38:05,Not Started,Intuitive executive migration
Roach-Colon,239821.02,2025-02-20 02:15:37,Cancelled,Visionary web-enabled concept
Elliott-Singh,71741.42,2026-10-10 12:20:49,Completed,Reverse-engineered background methodology
Davis Group,161522.53,2026-06-26 14:43:21,Not Started,Horizontal discrete standardization
"Jennings, Myers and Rogers",399114.3,2024-12-01 17:59:27,In Progress,Synchronized holistic customer loyalty
Sanchez-Ferguson,211248.16,2026-06-30 15:59:57,Cancelled,Re-contextualized uniform parallelism
Joseph Ltd,417339.36,2026-08-28 17:07:45,On Hold,Reduced uniform contingency
"Oneal, Webb and Jones",132778.87,2026-06-03 13:30:01,Cancelled,Self-enabling empowering attitude
"Christensen, Dixon and Stevens",99550.53,2025-03-06 16:33:35,On Hold,Vision-oriented homogeneous portal
"Maddox, Powell and Bell",328988.77,2025-11-30 16:42:53,On Hold,Grass-roots well-modulated architecture
Ball-Cruz,114394.19,2026-04-10 04:54:28,Cancelled,Balanced zero tolerance help-desk
Clark Inc,436491.76,2026-06-04 13:17:13,On Hold,Compatible intermediate solution
Calhoun Group,9488.93,2025-07-07 20:33:41,On Hold,Adaptive local core
"Wright, Baker and Dunlap",218508.83,2024-12-31 23:23:49,Completed,Reverse-engineered heuristic emulation
"Smith, Hicks and Steele",437179.93,2024-12-29 18:37:06,Not Started,Public-key actuating hardware
"Brown, Moody and Kelley",190256.19,2026-07-04 10:14:29,Cancelled,Ergonomic 6thgeneration middleware
Burns Inc,387708.84,2026-01-07 19:27:13,On Hold,Synchronized interactive circuit
Wright-Mills,307685.77,2025-04-20 11:56:11,Not Started,Quality-focused neutral toolset
"Soto, Stevens and Blake",164803.04,2026-02-24 02:08:11,Not Started,Synergistic human-resource protocol
Copeland-Hernandez,164054.29,2025-03-07 04:57:30,On Hold,Versatile value-added hardware
Yang-Thompson,19062.13,2025-07-24 13:23:23,Not Started,Multi-layered needs-based function
"Henderson, Jones and Brown",165618.29,2026-11-26 06:11:24,Not Started,Right-sized heuristic Graphic Interface
Mcgee PLC,208484.38,2025-01-19 22:56:23,On Hold,Robust dynamic open architecture
Phelps Group,191192.89,2026-06-12 19:51:28,In Progress,Upgradable secondary capacity
Doyle-Johnson,87343.97,2026-07-22 05:19:02,Not Started,Persistent non-volatile firmware
Garrison-Goodman,416056.79,2025-09-01 02:03:34,On Hold,Decentralized mission-critical middleware
Stone Inc,370637.51,2025-05-14 11:59:05,Cancelled,Ameliorated value-added approach
Lopez-Johnson,280335.41,2025-02-26 19:06:23,On Hold,Automated bi-directional complexity
"Jones, Garcia and Mitchell",300602.09,2026-11-01 17:35:43,Cancelled,Implemented static customer loyalty
"Black, Johnson and Carter",497942.37,2026-10-21 11:42:01,Cancelled,Programmable mission-critical array
"Barnes, Clark and Hess",213024.28,2025-08-17 18:56:51,Cancelled,Persevering maximized adapter
"Montes, Howell and Martinez",109560.29,2026-10-10 08:41:17,Not Started,Operative homogeneous success
Garcia Group,468119.44,2024-12-14 07:06:48,Completed,Realigned maximized analyzer
Wallace LLC,304269.7,2025-03-20 01:32:06,Cancelled,Advanced empowering hardware
Gilbert-Vaughn,123041.55,2025-05-02 23:59:24,On Hold,Function-based foreground synergy
Walton and Sons,473045.59,2026-06-27 00:10:32,Not Started,Re-contextualized non-volatile pricing structure
"Castillo, Miller and Morrison",230786.5,2025-01-09 17:20:42,In Progress,Exclusive radical collaboration
Garcia-Soto,284543.77,2025-01-24 14:28:10,Completed,Customizable 5thgeneration adapter
Martin Ltd,305315.7,2024-12-09 23:28:38,Cancelled,Secured maximized middleware
Meyer-Mccoy,174345.65,2026-08-06 22:19:46,Not Started,User-friendly intangible time-frame
Moore PLC,254987.18,2026-06-17 09:10:13,Completed,Profound exuding initiative
Bell Inc,89078.85,2025-05-10 08:57:54,On Hold,Expanded background moratorium
"Nunez, Carpenter and Smith",80708.31,2025-11-19 16:47:13,Not Started,Profit-focused impactful attitude
Snow LLC,145851.18,2025-06-24 07:34:28,Completed,Phased bandwidth-monitored complexity
Ross-Campbell,76745.92,2025-06-21 07:34:59,Not Started,Sharable bandwidth-monitored open architecture
Romero Ltd,461726.36,2025-04-21 22:00:59,On Hold,Public-key bi-directional matrices
"Steele, Gray and Vazquez",182233.38,2025-11-15 08:36:43,Completed,Fundamental bottom-line middleware
"Davenport, Jones and Bolton",443316.43,2026-07-06 17:22:05,In Progress,Focused heuristic functionalities
Ball-Payne,425356.31,2025-11-28 01:56:45,In Progress,Upgradable systematic website
Dixon Ltd,388574.76,2026-08-13 16:25:53,Cancelled,Virtual executive flexibility
Robinson Ltd,418678.48,2024-12-24 12:50:41,Cancelled,Public-key tangible attitude
"Kennedy, White and Gonzales",20753.58,2025-04-14 16:30:13,Not Started,Managed hybrid structure
Wright-Lawson,108848.5,2026-08-31 01:01:22,On Hold,Profound web-enabled open system
Roth and Sons,314005.43,2026-06-23 17:47:08,On Hold,Operative encompassing analyzer
"Nelson, Carroll and Griffin",484457.57,2026-06-08 12:53:54,Cancelled,Programmable demand-driven software
Gonzalez-Baker,323252.53,2026-11-21 07:37:32,Completed,Grass-roots asymmetric flexibility
Riley Inc,128432.17,2025-09-24 18:18:45,Not Started,Sharable bandwidth-monitored data-warehouse
Wells-Brown,441104.97,2026-02-11 04:35:13,Cancelled,Visionary well-modulated instruction set
Hill PLC,388682.56,2025-02-23 19:32:48,In Progress,Cloned fresh-thinking complexity
Olson-Phillips,493565.57,2026-09-03 05:19:00,On Hold,Balanced interactive contingency
"Ward, Chapman and Huff",310551.99,2026-11-01 17:02:20,Cancelled,Total local budgetary management
Woodard-Sampson,417372.11,2026-07-08 19:21:03,On Hold,Advanced exuding software
"Pham, Price and Johnson",315961.68,2026-02-13 12:22:19,Not Started,Open-architected reciprocal workforce
Pierce-Richard,125578.71,2026-04-19 01:44:24,Cancelled,Stand-alone global software
Riddle PLC,459359.19,2025-05-21 06:05:30,Not Started,Decentralized directional groupware
Hudson-Buckley,361631.56,2026-08-16 03:58:28,Completed,Down-sized demand-driven conglomeration
Clark-Jones,369175.24,2026-01-17 00:53:37,Cancelled,Up-sized uniform instruction set
Sampson-Morris,285878.42,2026-09-11 23:38:16,On Hold,Synergized leadingedge focus group
"Collins, Richardson and Strickland",188614.25,2026-11-26 09:47:50,In Progress,Diverse fresh-thinking emulation
Butler LLC,236885.88,2026-09-03 16:45:39,Cancelled,Operative next generation infrastructure
Cochran-Underwood,271571.44,2026-05-31 10:04:16,Completed,Pre-emptive client-driven website
"Huerta, Cobb and Mccoy",102328.21,2025-07-25 06:23:02,In Progress,Fully-configurable intermediate encoding
Wood-Cowan,442936.75,2025-07-18 19:58:38,Completed,Operative secondary data-warehouse
Mullen-Davidson,337928.6,2025-10-18 07:56:13,Completed,Exclusive value-added toolset
"Torres, Lambert and Romero",369669.35,2025-09-25 19:07:28,On Hold,Diverse clear-thinking hierarchy
Gibson-Hayden,194494.51,2025-12-13 13:46:42,On Hold,User-centric multi-state strategy
"Smith, Baker and Villegas",276259.25,2026-05-07 05:39:37,Cancelled,Innovative uniform focus group
"Mcdaniel, Deleon and Dunn",361254.92,2026-03-01 08:28:47,In Progress,Synergized human-resource moderator
Torres PLC,476871.83,2026-09-24 17:30:26,Not Started,Virtual upward-trending portal
"Calhoun, Banks and Washington",24700.73,2025-02-27 16:13:51,Completed,Right-sized zero administration functionalities
"Thomas, Moran and Cortez",422122.9,2026-02-10 07:54:23,Completed,Implemented dedicated Internet solution
Taylor-Snyder,356023.89,2026-09-19 22:43:54,In Progress,User-friendly background analyzer
"Mccullough, Patterson and Manning",479592.96,2026-11-09 10:29:49,In Progress,User-friendly bifurcated migration
"Smith, Wise and Marsh",114582.34,2025-03-25 14:55:59,Not Started,Multi-channeled encompassing toolset
"Estrada, Klein and Turner",308157.24,2026-09-01 14:46:40,On Hold,Ameliorated global methodology
"Walker, Wilson and Sanchez",210109.38,2026-11-05 18:10:47,Not Started,Enhanced didactic migration
Bush-Davis,246456.6,2026-07-01 10:20:08,Not Started,Decentralized modular middleware
Fox Inc,240468.16,2025-02-02 11:55:13,Completed,User-friendly 6thgeneration workforce
Delacruz Group,92836.66,2026-10-24 08:46:56,Cancelled,Realigned holistic function
Foley Group,24202.29,2025-04-16 00:44:12,In Progress,Persevering disintermediate framework
Brooks-Perkins,330419.67,2025-11-07 06:26:59,On Hold,Compatible reciprocal initiative
Brewer-Luna,123756.59,2025-05-03 20:03:56,Cancelled,Synergistic foreground moderator
Norris PLC,320697.95,2025-03-27 19:02:31,In Progress,Realigned well-modulated open architecture
Padilla-Beard,360821.18,2026-04-17 14:16:55,Completed,Persistent national solution
Henderson Ltd,79008.99,2026-10-13 13:26:35,On Hold,Innovative 6thgeneration methodology
Nguyen-Schneider,93775.78,2025-09-21 04:02:55,Cancelled,Public-key 5thgeneration budgetary management
Ellis-Winters,92052.02,2025-07-28 13:14:47,On Hold,Configurable non-volatile architecture
Macdonald LLC,154284.11,2026-05-06 14:25:03,Completed,Synergized didactic implementation
Ferguson PLC,151238.44,2026-01-27 23:49:21,Cancelled,Future-proofed modular hardware
"Wallace, Delgado and Guerra",252854.85,2026-08-20 09:54:50,On Hold,Up-sized homogeneous Graphical User Interface
Higgins-Thomas,388454.15,2026-03-10 14:49:36,In Progress,Managed content-based standardization
"Carter, Williams and Boyd",444990.7,2025-01-05 21:13:22,In Progress,Innovative motivating approach
Mccarty-Smith,299648.0,2025-02-20 22:58:10,Completed,Sharable 3rdgeneration ability
"Marshall, Gutierrez and Davis",12893.41,2026-07-03 14:19:17,On Hold,Devolved needs-based orchestration
"Daniel, Wells and Sanchez",418407.85,2026-01-09 18:54:47,Cancelled,Switchable empowering pricing structure
"Ray, Chandler and Williams",109388.79,2025-06-18 23:25:18,Cancelled,Cross-platform impactful utilization
Johnson-Gordon,182242.7,2026-05-14 02:33:23,Cancelled,Pre-emptive eco-centric time-frame
"White, Mcdonald and Chung",271969.09,2025-01-08 13:19:25,Not Started,Right-sized grid-enabled definition
Wells LLC,30787.36,2026-08-08 03:41:33,In Progress,Customer-focused client-driven process improvement
Salazar-Keller,297663.37,2026-01-23 12:53:19,Completed,Fundamental cohesive access
Turner-Brown,426756.33,2026-05-14 16:24:42,On Hold,Reduced attitude-oriented moratorium
"Smith, Maxwell and Blair",26700.59,2025-08-12 09:05:01,Cancelled,Customizable impactful support
"Gonzalez, Miller and Smith",415428.37,2026-11-22 14:46:23,On Hold,Sharable executive methodology
"Herrera, Flores and Molina",246028.97,2026-05-13 10:15:34,Completed,Implemented user-facing application
Gallagher-Soto,109781.38,2025-05-16 09:37:24,On Hold,Programmable demand-driven task-force
Bray PLC,466377.23,2026-10-23 15:33:43,Completed,Synergistic actuating moderator
"Garza, Black and Bishop",403982.2,2025-06-28 09:22:45,Completed,Innovative multimedia Graphical User Interface
"Johnson, Riley and Gonzales",372994.27,2025-09-30 10:51:27,On Hold,Polarized empowering encoding
"Wilson, Macdonald and Smith",69080.72,2025-11-19 19:48:11,Completed,Ameliorated bi-directional matrix
Walker and Sons,124516.52,2025-02-24 11:10:56,In Progress,Right-sized mission-critical function
James-Smith,350331.85,2026-06-28 12:14:45,Cancelled,Public-key upward-trending pricing structure
Hardin Group,345684.91,2026-04-02 00:30:08,Completed,Fundamental mobile capability
Thomas and Sons,464733.69,2025-01-29 22:17:42,Completed,Expanded 24/7 firmware
"Hensley, Ewing and Sanchez",224975.31,2025-12-02 22:38:13,Not Started,Upgradable incremental concept
Lawrence Inc,333441.07,2025-09-21 04:51:58,Cancelled,Cloned client-server pricing structure
Briggs-Massey,342418.61,2025-10-11 16:29:25,On Hold,Robust bifurcated support
Washington PLC,183615.55,2025-08-04 18:01:43,In Progress,Fundamental actuating Internet solution
Williams-Evans,324659.8,2026-02-05 15:05:10,Cancelled,Team-oriented dedicated system engine
"Sloan, Sanchez and Perry",56302.93,2026-04-02 10:22:00,Completed,Synergized tertiary access
Jones-Espinoza,350496.33,2026-05-07 19:51:00,Cancelled,Decentralized systemic hub
"Smith, Byrd and Brooks",235652.06,2024-12-20 01:27:45,Not Started,Reactive optimizing attitude
Daniels-Christian,26297.91,2025-07-13 02:43:02,Not Started,Business-focused cohesive firmware
"Lee, Smith and Hunt",336689.11,2025-02-26 03:54:22,Cancelled,Re-engineered 5thgeneration utilization
Hernandez Ltd,322065.55,2025-04-22 23:38:47,In Progress,User-friendly actuating methodology
Decker Ltd,232951.59,2025-03-17 13:13:50,Not Started,Compatible hybrid encoding
Robbins Inc,46295.09,2025-05-16 23:28:14,Cancelled,Optional next generation challenge
Roach Ltd,224572.2,2025-07-07 08:29:24,Cancelled,Multi-layered impactful implementation
"Clarke, Bryan and White",343193.54,2026-11-27 01:14:56,In Progress,Seamless bifurcated solution
Keller-Boyd,224480.49,2026-03-23 20:56:51,Not Started,Polarized asynchronous alliance
Davis Ltd,259145.45,2026-10-18 19:22:28,Not Started,Fully-configurable bandwidth-monitored task-force
"Olsen, Burch and Cunningham",161200.77,2026-08-16 09:46:14,On Hold,Horizontal 4thgeneration protocol
Vargas-Johnson,33833.11,2025-01-17 17:13:50,Completed,Sharable human-resource process improvement
Sanders-Burke,73197.32,2026-01-02 06:38:15,Not Started,Up-sized bifurcated solution
"Roberts, Price and Aguilar",406172.23,2025-07-30 18:22:31,In Progress,Focused cohesive solution
Taylor and Sons,125995.4,2026-06-28 10:18:36,Cancelled,User-friendly bi-directional superstructure
Nguyen-Alexander,347051.62,2026-01-05 18:45:07,On Hold,Advanced scalable array
Price-Garcia,396980.43,2026-08-25 03:16:27,Cancelled,Public-key systematic encryption
"Bruce, Riley and Martinez",7489.47,2026-10-19 22:17:03,In Progress,De-engineered impactful emulation
Evans-Burns,66884.95,2025-11-24 02:46:48,In Progress,Re-contextualized fault-tolerant capability
"Campbell, Leonard and Rivera",51081.48,2025-02-19 21:10:40,Completed,Enhanced demand-driven flexibility
"Cross, Gonzalez and Edwards",178970.0,2026-04-27 17:55:13,Not Started,Configurable tertiary open system
Hebert Group,440639.44,2025-12-27 07:05:58,Completed,Centralized logistical definition
"Vazquez, Monroe and Andrews",163589.79,2026-08-25 14:12:50,In Progress,Multi-lateral leadingedge success
"Spears, Hawkins and Stevenson",344151.41,2026-08-04 00:44:33,Cancelled,Business-focused full-range architecture
"Nelson, Clark and Morales",401827.4,2026-11-17 06:31:31,In Progress,Stand-alone 24hour secured line
Harrison LLC,186136.89,2025-08-22 16:19:24,Not Started,Open-source content-based portal
Park LLC,381354.43,2026-11-06 16:47:11,On Hold,Ameliorated reciprocal analyzer
Salas-Burgess,336703.03,2026-04-09 16:55:55,Cancelled,Total content-based forecast
York-Garrison,31016.85,2026-07-12 07:45:29,Cancelled,Compatible tangible hub
Norton LLC,85756.5,2025-08-09 20:45:12,In Progress,Self-enabling full-range conglomeration
Lewis Inc,121542.02,2025-01-06 10:16:52,On Hold,Re-contextualized logistical synergy
"Washington, Rodriguez and Wallace",26650.39,2026-10-22 07:13:39,In Progress,Fully-configurable heuristic help-desk
Reyes-Martinez,37107.26,2025-12-10 03:02:32,Completed,Balanced mobile conglomeration
"Lane, Davidson and Kelly",163962.87,2025-01-27 09:56:04,In Progress,Seamless solution-oriented alliance
Harris Inc,441161.25,2026-03-24 07:02:24,Completed,Public-key non-volatile protocol
Martin-Parks,378875.8,2026-01-03 09:45:51,Cancelled,Front-line non-volatile knowledge user
"Cohen, Jacobs and Collins",41167.31,2025-12-20 14:35:28,On Hold,Secured cohesive approach
"Fernandez, Pierce and Mcbride",403866.24,2026-05-14 21:15:26,Completed,Innovative demand-driven system engine
Nichols LLC,145225.22,2025-02-04 22:06:38,Cancelled,Innovative exuding website
Valencia PLC,346755.29,2025-01-17 18:51:50,Cancelled,Realigned multimedia Internet solution
Gibson PLC,152115.06,2024-11-30 18:29:10,On Hold,Profit-focused asynchronous flexibility
Hensley-Warren,217026.18,2025-09-05 01:45:30,Cancelled,Multi-tiered high-level flexibility
Hughes and Sons,229150.18,2025-07-11 06:44:34,Completed,Upgradable 24hour intranet
Collins-Mclean,382259.38,2025-06-04 13:48:49,On Hold,Distributed tangible emulation
"Rivera, Golden and West",368368.64,2025-11-19 19:35:11,Completed,Cloned national neural-net
Murphy LLC,87772.48,2026-04-17 12:20:26,In Progress,Networked multi-tasking productivity
Brown Ltd,370273.67,2024-11-30 01:54:48,Cancelled,Up-sized composite service-desk
"Alexander, Joyce and Silva",279964.7,2026-03-29 08:44:40,Cancelled,Stand-alone real-time middleware
Jones and Sons,398467.92,2026-06-29 18:15:30,In Progress,Centralized didactic portal
Baldwin-James,163093.82,2026-01-16 05:19:45,Not Started,Implemented zero-defect solution
Frederick-Dalton,45375.06,2026-04-22 09:07:09,Not Started,Assimilated composite attitude
"Bolton, Cox and King",274420.09,2026-10-22 12:28:29,Not Started,Seamless modular hardware
"Flores, Walters and Mora",408629.83,2026-08-08 10:04:44,Not Started,Polarized bottom-line matrices
Stewart-Parker,461644.62,2026-02-04 12:01:06,Not Started,Total asynchronous pricing structure
"Chen, Harvey and Bowman",475961.22,2026-09-18 06:39:57,Not Started,Secured human-resource toolset
Hardy PLC,476650.67,2025-09-13 05:45:38,On Hold,Future-proofed local intranet
Hart and Sons,193569.8,2026-03-09 17:52:39,Completed,Enhanced attitude-oriented encryption
Choi LLC,481453.42,2026-04-14 19:53:03,Cancelled,Streamlined impactful toolset
Garza and Sons,43839.01,2025-08-22 15:48:18,Cancelled,Enhanced context-sensitive algorithm
Kennedy-Christensen,334183.6,2026-06-11 09:38:29,Not Started,Profit-focused maximized installation
Ward Ltd,203463.54,2025-02-21 17:55:26,Cancelled,Exclusive cohesive artificial intelligence
"Holland, Greene and Jensen",174635.04,2026-01-19 17:22:33,On Hold,Distributed executive hierarchy
Wilson LLC,434486.69,2025-07-09 09:40:37,Cancelled,Reverse-engineered multimedia intranet
Kaiser-Roberts,410452.43,2025-05-19 09:39:23,Completed,Integrated empowering neural-net
Johnson Inc,172616.67,2026-04-23 07:09:08,On Hold,Enterprise-wide context-sensitive circuit
"Ochoa, Barry and Kim",199877.11,2025-03-11 14:39:57,Not Started,Implemented real-time throughput
"Adams, Nelson and Carlson",448139.82,2025-09-04 17:33:05,Not Started,Operative multimedia superstructure
Lee and Sons,125023.38,2026-06-14 10:26:22,In Progress,Polarized interactive frame
"Raymond, Hoffman and Davis",385091.59,2024-12-24 08:26:53,Completed,Open-architected solution-oriented initiative
"Mills, Anderson and Lucas",213120.4,2026-04-09 05:53:12,Cancelled,Down-sized cohesive infrastructure
"Estrada, Underwood and Swanson",408001.8,2025-11-27 08:38:56,Completed,Profit-focused explicit knowledgebase
White-Booth,251394.93,2026-10-22 00:29:50,Not Started,Reactive methodical task-force
Huynh and Sons,135641.45,2026-03-20 09:34:27,Completed,Devolved demand-driven Internet solution
Wiley-Johnson,480157.99,2024-12-21 11:16:33,Not Started,Secured intangible utilization
"Fuller, Schwartz and Hicks",445731.0,2025-03-20 00:59:17,Completed,Integrated impactful capability
"Walker, Davis and White",438976.33,2024-12-25 06:35:39,Cancelled,Organic content-based installation
Smith Ltd,26441.69,2025-04-07 14:50:13,Not Started,Secured attitude-oriented encryption
Hale-Johnson,316351.62,2025-03-19 13:17:55,Not Started,Phased real-time project
Fields-Mason,390655.75,2025-01-29 01:29:22,In Progress,Stand-alone interactive info-mediaries
Robinson-Meadows,131494.82,2026-01-09 08:52:54,In Progress,Phased eco-centric focus group
"Perez, Vazquez and Johnston",162261.46,2025-04-25 09:19:10,Not Started,Ergonomic fresh-thinking infrastructure
Giles LLC,260262.85,2025-05-08 18:40:50,In Progress,Customer-focused asymmetric ability
Archer Ltd,113693.7,2026-02-10 15:57:10,In Progress,Innovative tertiary extranet
Hunt Inc,263798.37,2026-08-28 16:32:27,On Hold,Phased tangible budgetary management
Johnson Group,378755.39,2026-02-17 19:15:22,In Progress,Devolved transitional hardware
Wyatt Ltd,46550.99,2025-07-18 10:22:13,On Hold,Managed system-worthy solution
Spencer-Bailey,243214.92,2025-02-05 02:58:47,Completed,Open-architected actuating moderator
"Evans, Kennedy and Boyer",422445.95,2026-01-11 20:08:08,Cancelled,Balanced homogeneous initiative
"Simpson, Haley and Holder",363587.95,2025-01-16 14:39:49,On Hold,Face-to-face zero-defect hub
Stephens-Rodriguez,369805.05,2025-08-27 09:50:27,Completed,Persistent leadingedge success
"Coleman, Ferguson and Johnson",410993.0,2026-04-05 23:15:51,On Hold,Multi-layered directional contingency
"Ramsey, Alvarez and Moore",183749.67,2026-04-15 05:08:45,Completed,Triple-buffered didactic process improvement
West LLC,362901.29,2025-03-14 17:37:25,Not Started,Quality-focused non-volatile pricing structure
Graham-Romero,426393.84,2026-08-14 20:49:16,On Hold,Visionary holistic throughput
Blair and Sons,263457.92,2025-06-06 21:51:19,On Hold,Versatile object-oriented project
Soto-Baker,206921.73,2026-07-30 01:03:19,In Progress,Organized radical open architecture
Zavala Ltd,344641.93,2025-07-12 15:41:15,On Hold,Persevering encompassing system engine
Brady Ltd,332759.36,2026-06-28 13:35:46,Cancelled,Reduced responsive database
Davis PLC,455865.51,2026-06-04 13:12:13,In Progress,Open-architected bandwidth-monitored service-desk
"Garcia, Brown and Morales",27635.35,2026-06-01 04:35:50,On Hold,Cloned 3rdgeneration application
Luna-Hickman,178312.12,2026-03-19 14:45:06,Not Started,Compatible 3rdgeneration moderator
James-Torres,13215.68,2026-09-25 18:08:54,Not Started,Mandatory fresh-thinking utilization
"Fisher, Ray and Tran",16630.04,2026-10-07 18:07:05,Not Started,Customizable incremental website
"Barnes, Brown and Riggs",403991.81,2026-05-22 10:36:03,On Hold,Adaptive zero administration attitude
"Adams, Key and Ellis",263732.14,2026-08-19 22:02:43,In Progress,Monitored secondary task-force
Short-Miller,80245.17,2026-05-01 08:38:24,Cancelled,Secured composite capacity
Snyder-Mosley,128821.57,2025-03-20 10:27:00,Cancelled,Reverse-engineered regional architecture
"Walker, Campbell and Lambert",102527.02,2024-11-29 03:55:39,Completed,Mandatory neutral core
"Jenkins, Hill and Schultz",407151.17,2025-12-21 10:15:33,Cancelled,Open-architected grid-enabled infrastructure
Harper PLC,239120.39,2025-06-26 07:24:44,Completed,Assimilated transitional extranet
"Roberts, Luna and Huynh",115462.05,2026-09-07 19:39:47,Cancelled,Managed multi-state policy
"Gardner, Williams and Wade",5938.62,2025-05-28 10:18:41,Not Started,User-friendly zero administration matrices
"Flores, Chavez and Schneider",82734.71,2024-12-09 07:57:52,Not Started,Function-based static pricing structure
Allen PLC,31124.96,2026-03-10 01:47:53,Not Started,Networked static infrastructure
"Mora, Mcguire and Wallace",244756.97,2025-05-17 01:30:56,Completed,Reactive well-modulated frame
"Brown, Haynes and Garcia",244150.54,2026-06-05 19:59:16,In Progress,De-engineered needs-based product
Ross Inc,181012.85,2024-12-04 07:31:19,Completed,Persistent system-worthy hierarchy
Dalton and Sons,57136.72,2025-03-16 05:03:18,In Progress,Adaptive explicit capacity
Mann LLC,373525.24,2025-09-20 10:19:44,On Hold,Decentralized contextually-based hierarchy
"Landry, Gibson and Richmond",239318.67,2025-12-31 16:36:37,In Progress,Triple-buffered homogeneous encoding
"Adkins, Rodriguez and Torres",311982.02,2026-11-25 11:36:39,Not Started,Secured bifurcated encryption
"Grant, Kelly and Fletcher",227698.29,2026-02-09 19:05:36,In Progress,Public-key cohesive website
Soto-Vega,331013.57,2025-10-14 10:38:04,Not Started,Horizontal neutral installation
Thompson-Lin,441101.28,2026-08-14 01:14:50,Cancelled,Reverse-engineered non-volatile data-warehouse
Rodgers-Dodson,22926.79,2025-02-02 06:40:23,Not Started,Automated mission-critical extranet
Ortiz Group,40732.42,2025-08-15 20:22:19,In Progress,Assimilated dedicated task-force
Russo Ltd,72051.51,2025-02-18 20:24:38,On Hold,Secured fresh-thinking Graphic Interface
"Johnson, Schaefer and Terrell",409843.95,2025-10-31 22:00:07,On Hold,Advanced tangible secured line
"Mcclain, Clark and Cooper",24027.3,2024-12-02 03:23:18,On Hold,Re-engineered actuating implementation
Daniel LLC,338639.71,2026-04-27 22:25:11,Cancelled,Re-engineered systematic benchmark
"Roberts, Donovan and Smith",461497.4,2025-11-20 22:43:24,Cancelled,Self-enabling impactful process improvement
Skinner and Sons,27371.97,2025-12-30 21:13:45,Completed,Distributed solution-oriented encoding
"Cantu, Davis and Thornton",295708.4,2026-10-10 10:15:15,Cancelled,Synchronized client-server installation
Stewart-Caldwell,179883.99,2025-04-05 09:53:47,In Progress,Open-architected disintermediate capacity
"Fry, Mccarthy and Walker",274695.98,2024-12-22 23:52:44,In Progress,Fundamental motivating approach
"Ellis, Hernandez and Yang",180981.53,2026-03-21 02:30:36,On Hold,Synergistic static encoding
"Campbell, Thomas and Garcia",420636.99,2026-01-19 16:13:42,Completed,Pre-emptive well-modulated encryption
Jackson-Nelson,81972.63,2025-10-25 12:40:44,Cancelled,Virtual global challenge
Little Inc,477503.83,2025-12-31 22:17:08,Not Started,Innovative tangible ability
"Wiggins, Carson and Williams",463845.72,2025-10-13 22:13:41,In Progress,Advanced coherent support
Lucero-Hanson,47549.38,2026-05-19 05:05:39,Not Started,Multi-tiered 5thgeneration model
Lawrence-Smith,230461.54,2026-07-02 20:56:48,Not Started,Operative modular portal
Martin LLC,6975.32,2025-09-27 04:05:10,In Progress,Re-engineered context-sensitive support
Bradley-Ballard,248176.53,2025-03-01 13:11:34,Cancelled,Focused mission-critical core
"Woods, Daniels and Gibson",382225.22,2026-09-13 08:36:13,Not Started,Enhanced methodical database
"Herrera, Meyer and Ashley",285377.79,2025-04-13 10:04:09,Completed,Assimilated web-enabled challenge
Miller Ltd,266766.12,2026-06-05 14:46:53,On Hold,Multi-channeled 6thgeneration portal
Smith LLC,443697.2,2024-12-13 10:12:34,Not Started,Expanded web-enabled paradigm
Nelson-Conrad,221349.58,2025-08-10 06:48:52,In Progress,Configurable grid-enabled contingency
Butler LLC,323651.55,2026-03-31 14:59:21,Completed,Team-oriented high-level matrices
Chan-Valencia,397549.17,2026-09-03 16:40:37,On Hold,Visionary real-time product
Ross and Sons,272497.95,2026-08-20 17:43:11,On Hold,Virtual asymmetric collaboration
"Thompson, Ball and Kelly",164570.74,2026-06-16 06:07:43,Cancelled,Programmable coherent collaboration
Bryant Ltd,409391.93,2024-12-28 01:40:17,In Progress,Business-focused value-added structure
"Jacobs, Frazier and Barker",359506.15,2025-06-14 07:28:54,On Hold,Multi-layered eco-centric toolset
Graham-Moore,335378.25,2026-09-11 02:25:18,In Progress,Switchable empowering help-desk
Smith and Sons,148601.06,2026-06-29 06:36:59,On Hold,Streamlined non-volatile portal
Smith-Walters,20227.29,2026-07-21 08:51:20,Completed,Reverse-engineered clear-thinking Graphical User Interface
"Smith, Jones and Cruz",134987.57,2026-10-20 04:04:17,In Progress,Multi-layered optimizing neural-net
Horn Group,237713.04,2026-06-15 14:46:08,Not Started,Decentralized 3rdgeneration instruction set
Hanna-Cruz,213538.37,2026-11-07 05:40:47,Not Started,Progressive tertiary matrix
Atkinson Inc,22877.36,2025-05-19 12:14:27,On Hold,Reverse-engineered fault-tolerant time-frame
"Hopkins, Davis and Moore",41989.76,2025-06-07 21:08:57,Cancelled,Pre-emptive object-oriented hierarchy
Lewis PLC,379045.17,2025-01-21 15:07:08,Completed,Devolved bifurcated implementation
"Wolfe, Rodriguez and Jordan",235907.56,2025-05-19 02:56:15,On Hold,Profit-focused system-worthy product
Johnson-Hernandez,329947.59,2025-07-09 03:51:08,Cancelled,Re-contextualized high-level task-force
"Taylor, Mcdowell and Schaefer",327060.29,2026-09-18 10:31:43,On Hold,Integrated solution-oriented collaboration
Scott-Mason,305586.3,2025-03-03 17:47:50,On Hold,User-friendly client-driven collaboration
"Castillo, Adkins and Hawkins",82456.69,2025-07-10 21:56:51,Cancelled,Cross-group zero tolerance analyzer
Meyer-Lewis,408384.13,2026-10-21 18:55:59,In Progress,Cross-group optimizing circuit
"Knight, Henderson and Frank",28628.49,2025-10-05 12:51:55,In Progress,Monitored bandwidth-monitored open system
"Martinez, Brooks and Lowe",281027.95,2025-02-02 01:33:05,Not Started,Implemented well-modulated projection
Dougherty-Franklin,423587.88,2026-02-21 01:47:09,On Hold,Intuitive impactful capacity
Fowler-Huff,415603.22,2025-01-07 20:52:50,In Progress,Switchable value-added leverage
Becker Ltd,348458.22,2026-04-29 20:32:58,Not Started,Cross-group 24/7 frame
"Harrison, Hodge and Gomez",217841.97,2025-10-09 22:51:29,In Progress,Streamlined clear-thinking matrices
Vasquez Ltd,429451.95,2026-11-18 21:30:43,In Progress,Organized zero tolerance encoding
Brown Inc,389182.02,2025-12-20 11:05:05,Not Started,Up-sized 24/7 knowledgebase
"Carlson, Nelson and Gonzalez",220560.8,2025-09-23 20:07:19,Completed,Advanced cohesive superstructure
Powell-Ryan,308685.77,2025-12-25 01:28:49,Cancelled,De-engineered mission-critical flexibility
Rose and Sons,358931.9,2026-07-31 03:41:40,Not Started,Cloned real-time support
"Mathis, Pollard and Kaiser",432167.92,2025-08-23 19:30:05,Not Started,Customizable local conglomeration
Sanchez PLC,192224.96,2026-05-04 23:32:24,Cancelled,Digitized regional throughput
Ward PLC,11919.18,2026-01-16 21:20:26,Not Started,Enhanced methodical structure
Jones-Campos,256694.47,2026-11-21 02:19:17,Completed,Synergistic regional Local Area Network
"Williams, Hernandez and Moore",195475.28,2025-08-26 19:52:00,Cancelled,User-centric high-level moratorium
Roman-Sutton,117163.43,2026-03-06 04:02:20,On Hold,Managed multi-state monitoring
"Hernandez, Gutierrez and Hall",11680.51,2025-07-01 22:01:00,Cancelled,User-centric value-added architecture
Stephens-Stokes,244371.87,2025-07-25 16:33:55,On Hold,Cloned bi-directional portal
Reed PLC,313678.38,2026-06-01 15:30:51,On Hold,Cloned web-enabled solution
Williams PLC,173712.36,2026-03-10 10:08:15,In Progress,Universal methodical model
Short LLC,392839.38,2025-02-06 09:40:05,On Hold,Cloned radical methodology
"Edwards, Rivera and Williams",374001.33,2026-03-24 20:04:11,In Progress,Multi-channeled disintermediate structure
Vang-Howard,143806.17,2025-01-28 20:48:47,Cancelled,Inverse optimizing Internet solution
"Obrien, Hall and Tanner",359379.4,2025-01-31 16:51:09,In Progress,Ergonomic zero administration secured line
White-Williams,219419.67,2025-11-26 19:43:19,In Progress,Balanced encompassing moderator
Allen Group,8146.74,2025-09-29 04:53:11,In Progress,Reactive directional circuit
"Wright, Heath and Gonzalez",210032.45,2026-06-02 05:54:28,On Hold,Fundamental tangible toolset
"Meyer, Gilbert and Arnold",9444.8,2026-11-06 13:52:17,On Hold,Synergized zero-defect strategy
"Johnson, Pena and Avila",356068.3,2025-01-14 14:44:50,Cancelled,Stand-alone web-enabled core
"Miles, Shields and Robinson",64836.57,2026-04-22 13:58:25,Completed,Reduced executive architecture
Joyce Ltd,44413.81,2025-08-25 12:33:50,On Hold,Streamlined reciprocal project
Alvarado Inc,244444.72,2025-02-06 05:04:20,Cancelled,Reverse-engineered static definition
Chaney LLC,100403.6,2026-07-08 07:32:17,In Progress,Managed 6thgeneration hub
Deleon-Estes,190613.6,2026-07-06 14:32:43,In Progress,Open-architected radical challenge
Jordan and Sons,236776.26,2026-08-29 02:56:35,Completed,Total 3rdgeneration challenge
Young Inc,293983.91,2025-01-13 16:34:17,On Hold,Visionary leadingedge moderator
Lamb-Martinez,460800.71,2025-01-05 13:35:50,Not Started,Business-focused asymmetric framework
Villegas-Spencer,232389.19,2025-12-07 15:38:35,In Progress,Up-sized bi-directional service-desk
Gaines Group,147025.25,2026-11-25 06:23:56,In Progress,Phased holistic projection
Davis and Sons,250998.94,2025-07-05 13:55:45,On Hold,Visionary holistic capacity
Mcdonald and Sons,482749.91,2026-10-26 00:37:18,In Progress,Managed 4thgeneration policy
Turner PLC,102190.27,2026-06-19 11:53:31,On Hold,Synergistic exuding throughput
Wood PLC,112171.05,2026-01-26 22:54:14,On Hold,Synergistic exuding focus group
Fisher-Berger,345251.45,2026-03-22 18:35:09,Not Started,Front-line solution-oriented complexity
Martin-Hayes,477427.74,2026-11-23 15:38:08,Cancelled,Horizontal even-keeled array
"Pierce, Hernandez and Sanford",366303.85,2025-04-13 05:12:34,Not Started,Re-contextualized even-keeled structure
Walls-Torres,301191.23,2026-02-07 01:23:23,Cancelled,Universal contextually-based product
"Salazar, Roberts and Harris",458710.83,2026-07-06 23:27:41,In Progress,Monitored directional extranet
Martinez-Henderson,396125.0,2025-02-28 11:42:12,Completed,Configurable context-sensitive array
Richards-Johnson,10333.51,2025-10-30 05:25:32,Completed,Multi-channeled homogeneous database
"Hernandez, Proctor and Tran",35266.79,2026-08-12 07:40:59,Completed,Front-line mission-critical info-mediaries
Roy-Diaz,15518.12,2026-08-13 10:56:17,Completed,Enterprise-wide multi-tasking focus group
Martin Ltd,435347.45,2025-11-18 05:45:34,Not Started,Face-to-face web-enabled budgetary management
Schmitt-Whitney,438543.8,2025-07-25 12:47:10,Cancelled,Pre-emptive full-range encryption
Hernandez-Parker,190333.02,2025-09-21 17:44:24,Cancelled,Reduced 3rdgeneration paradigm
Quinn-Kidd,8337.38,2026-04-22 02:36:35,On Hold,Pre-emptive even-keeled alliance
"Fowler, Wilkerson and Boyd",271190.78,2026-02-08 01:23:44,Not Started,Open-source full-range intranet
Moreno and Sons,468626.85,2024-12-19 07:45:19,On Hold,Enterprise-wide didactic initiative
"Graves, Thompson and Collier",296869.28,2025-12-15 15:22:24,Completed,Enhanced upward-trending flexibility
"Brooks, Sosa and Adams",459904.18,2025-10-20 03:13:32,Cancelled,Decentralized empowering info-mediaries
"Powell, Baker and Scott",266075.92,2025-04-22 15:54:25,Cancelled,Organic encompassing knowledge user
Ellison-Perez,305583.59,2026-05-19 08:59:40,On Hold,Advanced zero-defect core
Brown-Kelley,400635.45,2025-11-17 14:16:16,Cancelled,Extended well-modulated utilization
Patel LLC,143398.78,2026-07-31 22:27:03,Completed,Integrated asymmetric matrix
"Gonzalez, Shah and Myers",421872.88,2026-09-29 05:04:39,In Progress,Reduced object-oriented success
Burke-Robinson,394582.83,2025-04-03 07:37:07,Not Started,Pre-emptive mission-critical adapter
"Trujillo, Kane and Miller",311574.21,2026-09-12 05:13:16,On Hold,Streamlined heuristic utilization
Fields-Hopkins,50307.08,2025-10-12 00:42:42,Not Started,Progressive disintermediate analyzer
"Lynch, Cannon and Greene",282677.28,2026-06-05 22:58:58,In Progress,Cross-platform stable flexibility
Ruiz-Cox,232081.45,2025-04-07 00:42:47,In Progress,Profit-focused directional capability
"Wheeler, Hill and Clayton",261290.46,2026-09-10 14:43:43,Cancelled,Reduced user-facing solution
"Buchanan, Cervantes and Fernandez",264071.3,2025-06-05 10:35:03,Not Started,Re-contextualized next generation open system
Morales-Kelley,274131.86,2025-01-23 14:53:19,On Hold,Multi-lateral zero tolerance analyzer
Smith-Alvarez,180677.53,2025-01-10 16:45:53,In Progress,Pre-emptive optimizing application
Williams-Oconnell,236779.64,2026-01-06 18:51:01,Not Started,Implemented reciprocal info-mediaries
"Ali, James and Johnson",409987.23,2025-04-21 23:06:40,In Progress,Face-to-face systematic intranet
Daniels-Sweeney,220297.61,2025-05-25 14:10:05,Not Started,Automated static frame
Gonzalez Inc,302703.33,2025-12-28 06:13:37,Not Started,Balanced real-time Graphic Interface
"Carr, Williams and Osborne",101087.97,2026-01-12 11:45:22,In Progress,Operative attitude-oriented support
"Fischer, Burton and Lin",490093.77,2024-12-12 01:16:04,Not Started,Extended high-level methodology
Buckley Inc,17821.01,2025-02-21 07:06:08,Cancelled,Seamless non-volatile functionalities
Olsen and Sons,110083.79,2025-03-21 05:24:44,Cancelled,Mandatory 6thgeneration task-force
Thompson-Williamson,156049.66,2025-12-02 00:36:08,On Hold,De-engineered exuding hub
Stewart-Hansen,405003.49,2026-05-28 16:56:50,Completed,Networked next generation customer loyalty
Garrett-Rogers,72155.6,2025-12-30 21:19:33,In Progress,Decentralized leadingedge circuit
Delgado Group,86603.89,2025-12-20 16:49:22,Completed,Proactive value-added flexibility
Johnson-Smith,485507.81,2026-01-07 20:25:57,Cancelled,Open-source regional challenge
Ross-Stanley,461783.04,2025-05-18 04:06:06,Cancelled,Pre-emptive optimizing system engine
Simon-Green,90137.66,2025-12-24 09:34:50,Not Started,Innovative bi-directional challenge
"Kaufman, Mathews and Griffin",470407.64,2025-06-26 10:15:56,Cancelled,Down-sized 3rdgeneration collaboration
"Stein, Acosta and Glass",50132.54,2026-06-04 19:22:55,Cancelled,Up-sized 4thgeneration Graphic Interface
"Hall, Lopez and Ellis",365060.51,2026-01-29 11:17:11,Cancelled,Reactive value-added toolset
Brock and Sons,202428.82,2025-11-19 06:12:40,Cancelled,Digitized actuating knowledgebase
Davis and Sons,471575.03,2026-02-17 21:14:23,In Progress,Organic uniform initiative
"Thompson, Galvan and Robinson",488259.5,2026-10-21 15:21:57,On Hold,Networked holistic collaboration
Martinez PLC,212979.19,2026-10-09 12:38:33,Not Started,Exclusive 6thgeneration process improvement
Cook-Wilson,8238.35,2026-05-22 04:29:36,On Hold,Organized optimal methodology
"Griffin, Allen and Gonzales",301318.62,2025-10-27 11:26:27,Completed,Customizable bifurcated model
Lowe PLC,226866.7,2026-04-14 10:56:48,Cancelled,Automated web-enabled productivity
Mclaughlin PLC,258594.59,2026-08-11 23:48:00,On Hold,Synergized composite knowledgebase
Brock Group,52402.53,2025-04-24 02:29:38,Not Started,Robust tangible Graphical User Interface
Bennett Group,300432.24,2025-03-28 12:22:14,Not Started,Ergonomic zero-defect definition
Sullivan Inc,177070.12,2026-11-07 08:25:57,Cancelled,Synergized mobile initiative
Anderson PLC,242535.09,2025-01-20 22:33:46,On Hold,Polarized zero tolerance model
"Figueroa, Wright and Schroeder",299140.92,2026-05-08 02:30:23,In Progress,Digitized human-resource flexibility
"Davis, Willis and Walton",148108.95,2026-03-26 01:29:49,Cancelled,Intuitive leadingedge open system
Calderon-Russell,140956.33,2025-05-21 12:16:12,On Hold,Cross-platform composite capacity
Maynard-Lawson,85198.33,2024-12-18 19:20:36,In Progress,User-centric needs-based toolset
Rodriguez PLC,227613.25,2026-06-17 04:49:21,On Hold,Automated motivating budgetary management
Holt-Vargas,200520.28,2026-07-06 22:06:09,Completed,Organized didactic infrastructure
Noble-Peterson,272034.57,2026-04-08 11:00:09,Completed,Adaptive maximized instruction set
Tate-Lowe,181276.52,2026-11-04 03:03:21,On Hold,Progressive multi-tasking analyzer
Moore LLC,241421.77,2026-01-16 00:48:40,Cancelled,Digitized real-time groupware
Clark and Sons,276891.79,2026-05-29 18:13:44,Completed,Persistent bandwidth-monitored service-desk
Mills Ltd,75422.75,2025-07-18 15:23:26,Cancelled,Customizable dynamic complexity
"Lynch, Andrews and Woodward",411421.64,2025-04-06 03:10:30,Cancelled,Future-proofed context-sensitive complexity
Blackwell Ltd,328096.44,2025-04-03 17:44:20,On Hold,Total secondary forecast
David-Buck,417336.87,2026-04-04 20:49:21,Completed,Automated bi-directional standardization
Martinez-Estes,351397.08,2026-03-24 16:22:55,In Progress,Innovative bifurcated projection
Benson-Diaz,281821.11,2026-07-02 21:44:18,Completed,Ameliorated composite project
Martin LLC,363908.97,2026-02-14 01:16:47,On Hold,Compatible motivating database
Smith and Sons,474046.94,2026-06-19 17:03:38,Cancelled,Synchronized 24hour migration
"Washington, Martinez and Roberts",133536.76,2025-03-27 16:04:26,In Progress,Monitored tertiary customer loyalty
Hamilton Group,400029.4,2024-12-11 18:10:08,Cancelled,De-engineered even-keeled array
Cooper Inc,368923.52,2025-02-17 16:10:07,Not Started,Adaptive encompassing model
Blake and Sons,128166.47,2026-02-23 06:06:38,On Hold,Secured value-added software
Waters Ltd,407787.04,2025-02-14 11:29:23,Not Started,Multi-lateral background secured line
Jones-Edwards,42515.59,2025-02-27 23:51:49,On Hold,Automated eco-centric monitoring
"Padilla, Wise and Allen",257721.1,2025-10-25 07:03:36,On Hold,Cross-group homogeneous focus group
Miller-Burns,80849.73,2025-11-01 23:11:10,On Hold,Monitored modular algorithm
"Mays, Garcia and Nelson",472909.11,2025-11-18 17:23:51,In Progress,Assimilated 3rdgeneration toolset
"Sanchez, Phillips and Doyle",424681.97,2025-03-15 15:29:48,Cancelled,Diverse reciprocal moderator
King-Flowers,49037.89,2024-12-01 05:18:41,Cancelled,Multi-lateral systematic open system
Colon PLC,91396.33,2026-06-29 12:00:18,In Progress,Assimilated global functionalities
Richardson-Walsh,274285.13,2025-05-03 13:22:12,Not Started,Seamless global moderator
Cline-Taylor,362889.42,2026-09-03 04:14:09,Completed,Automated user-facing parallelism
"Green, Collins and Schmidt",403354.62,2025-11-27 14:00:31,Completed,Enhanced system-worthy website
Francis Group,276930.29,2026-02-10 16:00:47,Completed,Automated client-server approach
"Bishop, Duffy and Kidd",204131.41,2026-10-05 01:41:50,Completed,Innovative impactful groupware
Smith Group,435130.26,2026-02-11 13:21:16,In Progress,Sharable discrete data-warehouse
Ramsey Ltd,284620.84,2025-09-23 16:08:31,Not Started,Self-enabling radical policy
"Wood, Mendez and Fields",6580.95,2025-11-21 21:29:33,In Progress,Proactive interactive alliance
Oneill-Young,284252.39,2026-04-15 14:43:46,Cancelled,Down-sized tertiary productivity
"Love, Sexton and Watson",14400.52,2026-05-14 22:21:25,Not Started,Cloned bandwidth-monitored project
Choi-Navarro,405365.71,2026-01-16 10:38:02,Completed,Expanded content-based paradigm
Robinson Inc,407245.15,2025-04-21 03:16:06,Cancelled,Persistent zero administration interface
"Davis, Johnston and Jackson",461366.02,2026-03-26 02:50:10,In Progress,Expanded next generation info-mediaries
Proctor-Shea,335592.75,2025-04-07 15:06:53,Not Started,Virtual local monitoring
"Morris, Burgess and Brown",142041.98,2024-12-11 19:33:26,Not Started,Robust analyzing benchmark
Warner-Flores,486058.32,2026-01-13 12:44:17,Cancelled,Diverse foreground frame
Griffin Inc,479059.63,2026-01-24 05:46:06,On Hold,Cloned next generation analyzer
Murray Ltd,22979.33,2026-10-26 05:55:07,On Hold,Centralized neutral productivity
"Garcia, Hill and Green",117190.67,2025-02-06 15:29:46,Completed,Innovative heuristic data-warehouse
Rivera Ltd,149148.07,2025-09-27 04:04:01,Not Started,Inverse intermediate website
Little Group,368650.43,2025-06-09 05:56:44,Completed,Total 5thgeneration standardization
Hale Inc,280347.6,2026-07-16 12:01:06,On Hold,Re-contextualized value-added knowledge user
"Walker, Williams and Wilson",469557.2,2026-09-01 09:48:08,On Hold,Polarized discrete monitoring
"Hall, Carter and Murillo",358288.7,2025-06-21 21:36:02,On Hold,Devolved user-facing ability
Hamilton-Velez,497657.37,2025-10-08 08:42:45,In Progress,Universal systematic forecast
Silva LLC,95231.15,2026-04-17 15:38:02,Not Started,Function-based eco-centric customer loyalty
"James, Lewis and Lopez",353824.2,2025-09-10 20:46:31,On Hold,Exclusive context-sensitive forecast
Choi and Sons,228417.71,2026-10-27 13:24:47,In Progress,Digitized multi-state forecast
Chen Group,406354.7,2025-07-26 01:18:08,Not Started,Multi-tiered mission-critical orchestration
Mccarthy-Edwards,443249.41,2025-03-06 20:19:35,In Progress,Stand-alone motivating approach
Noble-Burgess,317141.71,2026-01-13 05:55:09,Cancelled,Versatile maximized toolset
"Salinas, Knight and Collins",417517.13,2026-10-16 04:11:20,Cancelled,Synchronized analyzing pricing structure
Thomas Ltd,375544.13,2025-01-24 17:59:40,Not Started,Automated actuating strategy
Adams-Silva,231719.32,2024-12-05 14:37:48,Completed,Phased didactic budgetary management
"Payne, Jones and Wilson",228010.49,2026-02-26 23:54:53,On Hold,Front-line tangible alliance
Turner LLC,91127.18,2025-08-16 13:02:30,On Hold,Function-based next generation neural-net
Ellis and Sons,107608.47,2026-08-05 10:13:34,On Hold,Compatible human-resource middleware
Cunningham Group,461627.37,2026-05-02 02:35:28,Cancelled,Versatile systematic circuit
Benson PLC,406790.41,2025-06-28 15:45:21,Completed,Implemented high-level service-desk
Jordan-Skinner,314358.73,2025-05-25 20:08:16,Completed,Switchable intangible throughput
White Ltd,331320.07,2026-08-08 15:38:56,On Hold,Grass-roots contextually-based solution
"Hill, Wade and Cohen",249692.36,2026-01-23 22:26:44,On Hold,Pre-emptive attitude-oriented solution
Larson-Richardson,389531.14,2025-04-12 23:43:05,Not Started,Automated regional concept
"Shepard, Robinson and Brown",17577.01,2026-04-17 12:41:29,Completed,Polarized explicit firmware
"Rice, Cox and Sanford",384474.82,2025-02-01 22:28:16,On Hold,Proactive 4thgeneration intranet
Wilson-Anderson,85415.05,2026-02-11 11:01:12,On Hold,Front-line contextually-based archive
"Nguyen, Hill and Ramos",221428.68,2026-03-17 13:04:10,Completed,User-friendly user-facing complexity
"Smith, Sullivan and Downs",216463.83,2025-02-05 19:06:17,Completed,Multi-layered grid-enabled firmware
Barber Ltd,64963.77,2025-05-21 20:27:46,On Hold,Down-sized neutral attitude
Long-West,120008.88,2026-07-04 17:39:40,In Progress,Programmable coherent portal
Gonzalez-Wood,191921.23,2025-02-19 08:43:57,Cancelled,Persistent tangible intranet
Jones-Smith,100499.63,2025-10-29 12:31:15,In Progress,Devolved leadingedge benchmark
"Russell, Nunez and Hoffman",199529.07,2025-02-12 12:25:20,In Progress,Open-source mobile orchestration
Stanley-Mcguire,255843.65,2025-10-25 20:08:29,Not Started,Multi-tiered fault-tolerant benchmark
"Griffin, Simmons and Miller",43980.57,2025-04-12 07:12:45,In Progress,Profound client-server productivity
Jones PLC,306649.65,2026-02-27 04:08:43,Not Started,Optional multimedia contingency
"Lynn, Roach and Murphy",115497.92,2025-09-11 12:52:02,Completed,Monitored optimal strategy
"Davis, Mullins and Fernandez",175386.75,2026-01-02 04:14:26,Cancelled,Intuitive fault-tolerant initiative
Gibson PLC,283979.1,2025-04-14 16:19:57,Cancelled,Multi-lateral even-keeled solution
Boyd Ltd,358100.5,2026-06-07 06:50:04,In Progress,Cloned heuristic hardware
Miller and Sons,282281.16,2025-07-06 10:31:24,Cancelled,Exclusive 5thgeneration benchmark
Parker-Murillo,499818.03,2025-08-07 06:05:50,Completed,Persevering responsive instruction set
Durham-Lewis,318828.79,2026-05-14 04:04:39,Completed,Proactive scalable array
"Velazquez, Miller and Smith",402740.4,2026-03-03 14:23:28,In Progress,Fully-configurable multimedia product
Black-Martin,138438.61,2025-11-23 00:19:43,On Hold,Devolved intangible adapter
"Jensen, Morris and Jenkins",274524.95,2026-11-24 21:00:18,Cancelled,Up-sized cohesive support
Mcmillan-Bennett,227425.93,2026-05-25 00:00:26,Cancelled,Expanded motivating product
Swanson Group,409949.62,2026-03-29 14:31:29,Not Started,Robust maximized policy
"Torres, Weber and Silva",73253.5,2026-03-08 12:00:05,On Hold,Decentralized dedicated approach
Anderson-Hess,71331.87,2025-07-15 19:48:59,On Hold,Focused bandwidth-monitored algorithm
Cunningham-Gibson,108979.69,2024-12-07 10:00:59,Not Started,Open-architected national firmware
Rose-Scott,48087.56,2026-11-22 17:35:29,Cancelled,Business-focused heuristic intranet
"Robinson, Ortega and Morrison",136361.73,2025-11-04 11:48:44,Completed,Horizontal bi-directional moderator
Knapp Group,355073.39,2025-08-31 21:26:00,Completed,Total multi-tasking open system
Johnson-Morgan,106110.19,2026-06-18 23:19:57,Completed,Front-line zero administration paradigm
"Francis, Stein and Baker",303817.42,2025-12-28 04:30:34,On Hold,Distributed zero administration forecast
Parker Group,264629.82,2025-05-30 20:35:01,In Progress,Focused exuding toolset
Bush Inc,99351.56,2026-11-17 20:19:20,Completed,Cloned foreground concept
Crawford LLC,387356.52,2025-07-21 18:46:26,Completed,Configurable human-resource policy
Allison Group,103923.81,2026-07-21 13:12:41,Completed,Visionary bottom-line methodology
"Blair, Gonzalez and Brooks",254238.24,2025-05-20 13:48:27,Not Started,Synergized demand-driven hardware
"Cooper, Collins and Moore",395749.84,2026-06-05 22:40:14,Not Started,Vision-oriented human-resource alliance
Cain-Washington,249100.68,2026-02-02 16:01:32,Completed,Managed uniform synergy
"Cruz, Lopez and Stewart",54629.26,2025-03-14 10:51:59,Completed,User-centric secondary capability
Dalton-Sullivan,234274.56,2026-01-26 02:50:49,Cancelled,Compatible motivating array
Brooks LLC,163588.35,2025-02-08 23:03:02,Cancelled,Networked web-enabled Internet solution
Johnson-Bullock,319624.36,2026-02-11 05:29:24,Completed,Vision-oriented multimedia challenge
Wilson PLC,452985.38,2025-09-17 23:25:06,Cancelled,Optional intermediate Internet solution
"Ingram, Haas and Roach",401568.65,2024-12-15 22:29:21,Completed,Re-contextualized eco-centric model
"Williams, Smith and Roberts",459956.51,2026-04-02 12:37:07,Completed,Advanced 5thgeneration implementation
Carey PLC,98130.16,2026-11-06 19:31:03,Completed,Up-sized actuating superstructure
Haynes-Leonard,392161.6,2026-02-27 11:42:15,Not Started,Robust neutral contingency
Hendricks and Sons,497441.88,2026-07-24 08:10:32,In Progress,Profound responsive model
Jones Group,330978.7,2025-05-12 13:56:51,Not Started,Monitored web-enabled utilization
York and Sons,309843.46,2025-05-06 04:00:14,Not Started,Exclusive solution-oriented capability
Schroeder-Harper,312423.62,2026-10-27 08:57:11,Not Started,Virtual optimal groupware
Camacho and Sons,74521.39,2025-03-31 15:32:49,Not Started,Vision-oriented actuating hierarchy
Wolf Group,187992.67,2025-03-11 12:17:02,In Progress,Enterprise-wide composite array
Moody-Bell,70665.24,2025-01-14 03:22:12,In Progress,Innovative upward-trending access
Montgomery Inc,121450.4,2026-08-27 15:12:49,Completed,Assimilated leadingedge model
Colon-Crawford,170250.27,2025-03-18 01:11:35,Not Started,Cross-platform leadingedge archive
"Humphrey, Le and Johnson",278610.25,2026-02-14 22:59:07,Not Started,De-engineered asymmetric challenge
Nielsen and Sons,256537.55,2026-03-07 23:13:20,Cancelled,Advanced analyzing software
Smith-Espinoza,211301.91,2024-12-05 18:09:19,In Progress,Managed regional alliance
"Clarke, Buchanan and Harris",49851.81,2026-04-18 21:38:39,On Hold,Secured user-facing encoding
Salinas-Martinez,188387.77,2024-11-29 04:46:15,Completed,Innovative zero administration Graphic Interface
Gonzales-Curry,157340.97,2025-06-04 15:43:51,Completed,Programmable zero administration standardization
Young-Hamilton,337074.57,2025-05-09 16:03:08,Cancelled,Pre-emptive encompassing forecast
Castro-Hall,255912.08,2026-02-24 19:10:57,Completed,Reactive background database
Schaefer and Sons,451610.09,2025-11-23 20:45:49,Completed,Virtual maximized ability
Johnson Group,57520.67,2026-09-21 09:32:15,Completed,Advanced bandwidth-monitored methodology
Mayer-Kelly,14859.34,2026-10-27 13:18:52,Not Started,Multi-layered uniform capability
Lewis Inc,203258.15,2025-08-15 23:02:09,On Hold,Synchronized real-time frame
Morgan-Stanley,45867.62,2025-05-25 03:15:52,On Hold,Networked next generation process improvement
Schmidt-Gonzales,78079.83,2026-07-17 12:04:20,On Hold,Optional transitional structure
Miller-Schneider,172965.49,2026-05-09 02:42:03,Not Started,Right-sized hybrid analyzer
Cook-Salazar,460808.58,2025-12-03 13:51:00,Not Started,Future-proofed grid-enabled customer loyalty
Oconnor Inc,398717.66,2025-06-23 05:48:18,Cancelled,Stand-alone attitude-oriented utilization
Jordan PLC,287218.99,2025-10-29 02:17:48,Completed,Customizable bandwidth-monitored standardization
Brooks-Howard,412196.96,2026-03-01 23:59:39,Not Started,Fully-configurable cohesive website
"Diaz, Wallace and Huynh",306238.1,2025-01-20 03:17:26,Not Started,Balanced encompassing challenge
"Monroe, Cook and Jordan",235314.92,2025-09-02 14:34:50,Cancelled,Streamlined value-added hardware
Jackson-Flores,7701.36,2026-02-20 10:15:09,In Progress,Reactive demand-driven policy
"Stuart, Pratt and Ashley",430089.28,2024-12-27 08:30:08,Cancelled,Inverse interactive leverage
"Chan, Williams and Moore",139043.43,2025-06-03 15:54:52,On Hold,Multi-tiered even-keeled initiative
"Hardy, Villanueva and Carlson",67678.18,2026-01-06 18:50:23,Not Started,Open-architected non-volatile interface
Flores-Rose,309666.28,2025-01-05 22:52:40,Completed,Enterprise-wide asymmetric support
"Hawkins, Thomas and Skinner",178053.34,2026-07-22 06:57:09,Not Started,Down-sized system-worthy array
"Lynn, Lewis and Ward",410586.38,2026-08-06 02:56:30,On Hold,Balanced bandwidth-monitored task-force
"Salas, Martin and Guerrero",293476.71,2025-02-07 17:53:48,In Progress,Stand-alone 5thgeneration parallelism
White-Sanchez,37156.38,2025-01-06 14:45:09,In Progress,Triple-buffered maximized collaboration
Jefferson-Holmes,344546.39,2025-05-04 00:56:06,Cancelled,Business-focused empowering project
Welch-Green,386024.58,2025-06-19 13:28:29,On Hold,Managed clear-thinking open architecture
Ellis LLC,393276.07,2025-12-22 19:02:00,Completed,Devolved next generation artificial intelligence
"Colon, Snyder and White",483739.48,2026-11-16 03:02:29,Cancelled,Quality-focused system-worthy approach
"Carter, Summers and Miller",447271.57,2024-12-06 13:46:02,On Hold,Profit-focused 6thgeneration workforce
May Group,28924.97,2025-12-08 06:42:25,On Hold,Versatile optimizing moderator
"Williams, Patterson and Chase",207968.0,2026-05-14 14:38:49,Not Started,Business-focused intermediate website
"Jones, Kerr and Mccarthy",488929.99,2025-10-31 12:35:46,Cancelled,Adaptive responsive success
Baldwin Inc,180174.95,2025-03-24 03:09:19,Completed,Visionary encompassing workforce
"Alexander, Moore and Baker",80707.68,2025-04-29 02:24:34,Cancelled,Vision-oriented high-level strategy
Roberts PLC,220370.2,2026-05-09 08:45:33,In Progress,Up-sized heuristic utilization
Brown Group,70411.97,2026-09-26 11:24:10,In Progress,User-centric zero-defect data-warehouse
"Gonzales, Mcdonald and Rivera",227015.65,2026-07-29 21:46:05,In Progress,Face-to-face mobile flexibility
Thompson-Brown,317456.01,2025-02-01 17:51:04,On Hold,Assimilated multi-state secured line
"Martinez, Rice and Harris",24799.63,2025-02-23 10:44:10,On Hold,Multi-layered national paradigm
"Montgomery, Adams and Diaz",130894.68,2024-12-31 07:55:49,On Hold,Customer-focused maximized hierarchy
Perez Group,136190.63,2025-06-11 21:49:38,Cancelled,Down-sized next generation application
"Kelley, Woodard and Perez",12116.28,2025-01-17 05:46:29,Cancelled,Synergized explicit infrastructure
Reyes-Campbell,218391.56,2026-11-21 20:03:32,Not Started,Balanced clear-thinking portal
"Mcmillan, Key and Taylor",466715.8,2026-05-28 01:33:39,Not Started,Re-engineered attitude-oriented data-warehouse
"Wilson, Gillespie and Diaz",213588.2,2025-09-15 04:37:38,Cancelled,Advanced dedicated workforce
Hernandez Ltd,477372.53,2025-02-05 16:56:28,In Progress,Pre-emptive demand-driven parallelism
"Reynolds, Gross and Johnson",442058.8,2026-08-19 08:03:56,Completed,De-engineered fault-tolerant process improvement
Frost Ltd,337661.27,2026-11-18 12:54:34,Cancelled,Intuitive methodical productivity
Crawford Ltd,394108.21,2025-02-10 09:07:21,Not Started,Multi-lateral didactic Local Area Network
Carter Inc,127304.83,2026-07-14 11:44:17,Cancelled,Self-enabling uniform extranet
Reid Group,352169.49,2025-05-08 07:55:00,Not Started,Polarized cohesive instruction set
Jones Inc,331106.43,2024-12-17 18:57:57,On Hold,Right-sized zero administration ability
Weber-Goodman,40837.14,2026-01-03 03:51:47,Completed,Sharable holistic matrices
"Patterson, Edwards and Ramirez",448627.94,2025-06-18 19:11:05,In Progress,Ameliorated 24hour adapter
Campbell-Sanchez,465108.38,2025-08-21 05:38:36,Cancelled,Universal asymmetric customer loyalty
Ryan-Tran,487403.84,2025-08-08 08:58:12,Not Started,Mandatory discrete access
Kemp-Hawkins,267986.66,2026-05-23 17:58:49,On Hold,Digitized dynamic flexibility
Diaz-Peterson,243817.17,2025-07-15 13:26:49,Not Started,Face-to-face eco-centric migration
Keith Inc,454376.28,2025-09-29 05:32:54,Cancelled,Optional fault-tolerant ability
"Stafford, Mcdonald and Hill",10846.96,2026-10-21 18:55:28,Not Started,Self-enabling well-modulated policy
Collins-Knox,421218.08,2026-06-13 00:25:42,On Hold,Progressive mission-critical Graphical User Interface
West PLC,186530.16,2026-07-09 01:08:05,Not Started,Diverse multi-state pricing structure
Richard-Hayden,448455.43,2025-11-29 18:44:01,On Hold,Profit-focused attitude-oriented paradigm
"Lowery, Johnson and Robinson",188900.56,2025-04-14 23:38:30,Completed,Fundamental scalable open architecture
Ellis and Sons,255062.15,2026-01-08 03:56:37,Cancelled,Mandatory background adapter
Porter-Crosby,378143.36,2024-12-27 02:36:13,Completed,Mandatory interactive structure
Lee Group,197967.0,2025-07-08 16:27:06,Not Started,Customer-focused multimedia capacity
Fisher-Hobbs,429626.42,2025-03-05 16:16:51,Cancelled,Optional system-worthy neural-net
Carey and Sons,432643.25,2025-08-21 20:39:54,Completed,Front-line solution-oriented task-force
"Gibson, Thomas and Garza",226615.58,2025-04-22 09:39:13,Completed,Managed discrete adapter
Santiago Ltd,270849.79,2026-01-22 12:19:34,In Progress,Synchronized grid-enabled complexity
"Miller, Atkins and Petty",85259.87,2026-03-16 08:17:41,On Hold,Enhanced heuristic success
"Massey, Hill and Esparza",7713.66,2025-08-25 08:52:58,Cancelled,Grass-roots encompassing alliance
Phillips Inc,342066.37,2026-08-17 03:12:06,In Progress,Assimilated zero-defect firmware
"Fernandez, Reeves and Webb",438525.71,2025-03-03 11:51:44,In Progress,Versatile 4thgeneration firmware
Lawson Inc,57999.42,2026-08-06 16:56:01,In Progress,Self-enabling dynamic parallelism
"Miller, Stephenson and Edwards",486639.08,2026-05-26 09:53:43,In Progress,Automated value-added frame
"Braun, Hart and Anderson",229689.2,2024-12-16 17:36:55,Not Started,Expanded maximized challenge
Marsh-Johnson,128760.64,2025-09-18 03:24:44,In Progress,Streamlined modular encoding
Coleman-Lee,340300.28,2026-07-30 15:10:17,On Hold,Open-architected exuding Graphical User Interface
"Perez, Allen and Davis",310968.7,2025-08-16 10:44:21,Completed,Robust systemic instruction set
"Bruce, Garcia and Wolf",492902.46,2026-09-07 06:45:08,On Hold,Progressive zero-defect hardware
"Ingram, Frost and Miller",391179.28,2025-02-06 16:43:23,Not Started,Universal attitude-oriented concept
Sullivan Group,20438.54,2025-09-10 12:42:35,Not Started,Organic stable conglomeration
"Dodson, Smith and Hernandez",178088.09,2025-06-13 19:36:23,Not Started,Devolved hybrid intranet
"Collins, Orr and Wells",8733.57,2025-12-20 19:35:25,Cancelled,Networked empowering service-desk
Chapman-Garcia,5556.61,2025-05-06 23:22:10,Cancelled,De-engineered 24/7 circuit
"Nelson, Wong and Johnson",426348.36,2026-05-13 23:56:06,Cancelled,Configurable non-volatile knowledgebase
Dixon-Martin,126076.17,2025-07-21 21:11:53,On Hold,Function-based intermediate archive
Waters-Brewer,23878.06,2025-01-21 11:24:38,In Progress,Expanded executive Graphic Interface
Martinez Group,343891.85,2026-01-01 01:24:06,Cancelled,Innovative holistic website
"Craig, Pittman and Miller",20006.82,2025-12-03 03:48:31,Cancelled,Phased client-driven middleware
Gibson-Wagner,366662.27,2026-08-31 02:48:45,On Hold,Multi-tiered logistical protocol
Mendoza Inc,59613.68,2025-11-28 01:09:34,Not Started,Multi-layered didactic groupware
Martinez-Black,70140.93,2025-06-27 15:52:47,Completed,Grass-roots static hub
"Lopez, Weiss and Davis",37315.85,2026-06-13 03:42:11,In Progress,Re-contextualized needs-based time-frame
Lawrence-Anderson,375706.28,2026-09-21 01:56:03,Completed,Enhanced full-range policy
Phillips-Pope,108638.28,2026-07-17 12:25:13,On Hold,Virtual multimedia Graphic Interface
"Cowan, Kerr and Doyle",248680.76,2025-11-03 08:42:37,Cancelled,Quality-focused attitude-oriented open system
Robinson-Wang,48041.16,2025-05-26 21:16:43,Completed,Secured coherent architecture
Gonzalez-Scott,377984.28,2026-11-21 15:39:29,In Progress,Synchronized well-modulated structure
"Chaney, Cole and Thompson",327877.19,2025-10-10 20:02:33,In Progress,Face-to-face explicit Local Area Network
"Jones, Moore and Reyes",94710.67,2025-05-26 13:54:13,On Hold,Team-oriented neutral database
Thomas-Le,247573.03,2026-10-16 17:11:42,On Hold,Cloned directional success
Johnson Ltd,202219.01,2026-08-18 07:00:49,In Progress,Seamless 4thgeneration pricing structure
"Olson, Perez and Brooks",488813.72,2025-10-29 23:43:41,Not Started,Adaptive system-worthy migration
Rowland PLC,480694.71,2025-07-21 12:09:08,In Progress,Advanced clear-thinking application
"Cruz, Lucas and Robinson",256945.14,2026-03-20 01:34:34,Completed,Multi-tiered high-level approach
Burke-Williams,297415.36,2025-06-12 15:35:57,Completed,Reduced local infrastructure
"Khan, Jones and Baldwin",139103.91,2026-07-09 02:18:55,On Hold,Programmable impactful moratorium
"Harrison, Patterson and Becker",109875.38,2026-11-03 10:09:33,On Hold,Configurable real-time model
Roberson LLC,362963.45,2025-12-13 00:23:47,In Progress,Fundamental didactic leverage
Walker-Roy,453541.83,2025-04-13 05:44:53,On Hold,Proactive global core
Perkins-Morton,359486.37,2025-12-11 20:17:06,Cancelled,Extended high-level database
Hunt-Williams,214186.57,2026-09-30 09:31:24,In Progress,Up-sized neutral data-warehouse
Weeks-Harrell,482635.56,2025-11-10 04:43:14,On Hold,Total multimedia paradigm
Hill-Wiley,67229.53,2025-11-05 08:30:48,Not Started,Cross-group web-enabled function
Riley Inc,235665.08,2025-09-09 12:07:41,On Hold,Assimilated content-based frame
Clark-Mcdonald,99521.05,2026-06-29 15:51:59,Not Started,Extended non-volatile circuit
Mills-Nelson,304084.25,2025-01-18 07:38:51,Completed,Profound 24/7 challenge
Johnson-Pollard,317412.44,2026-08-28 07:59:03,On Hold,User-friendly client-driven circuit
"Brown, Jacobs and Bates",439658.83,2026-05-07 19:17:36,Cancelled,Cross-platform high-level hierarchy
Shepard Inc,426202.17,2025-12-14 00:06:26,Not Started,Team-oriented hybrid knowledge user
Smith Ltd,109723.91,2025-06-18 22:33:06,On Hold,Re-engineered value-added knowledgebase
Lowe-Hutchinson,59727.6,2025-07-16 01:31:02,Not Started,Innovative 4thgeneration initiative
Thomas-Powell,301157.07,2025-01-30 08:07:21,Cancelled,Profound clear-thinking solution
Ford Ltd,284703.12,2025-08-26 23:19:13,On Hold,Object-based contextually-based Graphical User Interface
Lewis-Clarke,382034.63,2025-06-03 00:33:37,Not Started,Profound attitude-oriented solution
Ellis LLC,391218.19,2026-02-16 22:26:46,Completed,Universal fault-tolerant core
"Meyers, Smith and Ward",240524.96,2025-08-11 21:28:53,Cancelled,Programmable intermediate encryption
Johnson and Sons,181800.04,2026-06-30 20:04:48,Cancelled,Centralized real-time project
Hart PLC,220756.66,2025-08-11 01:16:22,In Progress,Networked contextually-based project
Rose-Black,431209.43,2026-10-25 19:48:27,On Hold,Polarized context-sensitive encoding
Gordon Ltd,460412.24,2026-11-10 00:26:20,On Hold,Exclusive methodical concept
"Smith, Wise and Hernandez",188723.84,2026-08-29 21:07:32,On Hold,Implemented next generation knowledgebase
Brown-Kelley,294876.5,2026-01-13 20:20:52,In Progress,Automated responsive alliance
Rogers-Pitts,343655.44,2026-03-10 23:43:33,Cancelled,Programmable 4thgeneration software
"Anderson, Case and Spencer",464602.39,2026-07-31 02:06:22,Completed,Fully-configurable impactful utilization
Jackson-Graham,392361.35,2026-06-22 06:31:42,In Progress,Sharable high-level function
"Green, Ho and Turner",243657.43,2025-05-21 18:33:34,Not Started,Fundamental empowering contingency
Miller Ltd,104235.82,2026-10-15 11:07:24,Not Started,Fully-configurable background open architecture
"Hawkins, Mccullough and Bates",354893.67,2025-10-20 09:54:39,Completed,Total encompassing moderator
Thomas Group,416169.13,2025-06-30 06:52:53,In Progress,Operative actuating pricing structure
"Brooks, Wilson and Rojas",444529.4,2024-12-27 04:20:07,Cancelled,De-engineered systematic forecast
Mcdonald-Lee,443201.36,2026-03-02 13:07:37,On Hold,Robust reciprocal success
Burch-Gallegos,450801.4,2026-02-20 08:59:25,In Progress,Sharable full-range support
"Hodges, Watts and Delgado",449891.01,2025-03-19 18:38:53,In Progress,Organized regional support
Kramer-Hernandez,465969.37,2026-06-12 21:39:33,Completed,Front-line systematic orchestration
"Parker, Powers and Richards",25665.68,2025-06-12 20:00:37,Completed,Open-architected modular support
"Perry, Turner and Torres",294610.81,2026-08-03 01:46:18,Cancelled,Organized background solution
Hernandez-Hall,65300.28,2026-02-20 10:52:22,On Hold,Function-based web-enabled website
"Castillo, Green and Vazquez",464522.89,2026-02-08 12:45:15,Cancelled,Sharable non-volatile budgetary management
"Taylor, Cruz and Johnston",48995.01,2024-12-31 14:19:54,Completed,Inverse dedicated moratorium
Jordan Ltd,88236.89,2025-06-23 06:20:59,Cancelled,Automated responsive capacity
"Jackson, Alvarado and Gomez",250060.04,2025-06-30 12:28:48,In Progress,Organized methodical structure
Hogan-Andrews,41778.07,2026-05-17 10:40:38,Not Started,Multi-lateral didactic instruction set
Vaughan Ltd,102190.98,2025-09-28 22:56:11,In Progress,Reverse-engineered content-based moratorium
Hansen Group,469681.56,2025-03-13 15:47:10,In Progress,Devolved needs-based Graphic Interface
"Hernandez, Lee and Hurley",90719.33,2025-01-09 20:08:31,In Progress,Phased 24hour circuit
Cunningham-Turner,143884.56,2026-08-18 02:42:37,On Hold,Down-sized disintermediate archive
Rose-Burch,131155.89,2025-12-01 21:09:35,In Progress,Vision-oriented mission-critical database
Watkins-Bauer,291885.02,2026-06-15 09:47:27,In Progress,Operative disintermediate projection
"Kemp, Cummings and Thompson",316794.15,2025-07-26 10:00:31,Cancelled,Profit-focused zero administration service-desk
Stone Inc,402167.22,2026-11-01 18:55:52,In Progress,Optimized contextually-based parallelism
"Robinson, Stewart and Campbell",304770.82,2026-09-10 09:53:36,Completed,Horizontal explicit instruction set
"Chavez, Morgan and Martinez",388939.02,2025-07-11 21:20:23,Completed,Synergized mobile alliance
Davis and Sons,126470.19,2026-01-15 09:26:57,Cancelled,Multi-channeled impactful solution
Jenkins Ltd,15823.95,2025-08-08 10:52:09,Not Started,Multi-tiered regional alliance
Horton-Murray,469072.25,2026-10-26 01:37:37,Completed,Managed national approach
Strickland Ltd,112770.87,2026-05-26 20:39:42,In Progress,Multi-layered national portal
"Smith, Green and Reed",499497.33,2025-07-26 21:04:20,Completed,Implemented local product
Harris-Hall,458695.24,2026-05-23 21:09:07,On Hold,Streamlined neutral capacity
"Gomez, Brown and Nguyen",486878.97,2026-01-26 13:06:34,On Hold,Streamlined grid-enabled secured line
Porter-Andrews,270846.21,2025-06-27 12:57:54,Cancelled,Visionary multi-state encoding
"Luna, Jacobs and Mckinney",99493.15,2025-02-07 12:45:40,Not Started,Organic tertiary policy
Grant Inc,142586.06,2025-07-20 05:49:47,On Hold,Sharable maximized software
Weber-Bautista,28422.96,2024-12-12 16:40:36,Cancelled,Streamlined secondary policy
"Grimes, Olsen and Hernandez",299153.04,2025-08-24 09:22:20,Not Started,Fundamental local collaboration
"Blair, Fleming and Robinson",168666.16,2026-05-24 03:57:46,Cancelled,De-engineered explicit interface
"Lee, Rich and Stevens",36565.39,2026-09-03 09:43:02,In Progress,Innovative solution-oriented moderator
Carter-Nolan,348407.73,2025-04-16 19:55:46,In Progress,Switchable impactful architecture
Edwards-Villarreal,287473.16,2025-09-09 08:34:37,In Progress,Open-source uniform parallelism
Martinez-Walker,335030.94,2026-05-04 18:14:14,Cancelled,Streamlined responsive pricing structure
Ramirez-Martinez,382354.76,2024-12-11 11:18:23,On Hold,Distributed full-range capacity
"Oliver, Jordan and Coleman",332170.49,2026-11-17 02:27:21,Completed,Switchable upward-trending standardization
Pham Inc,233610.18,2025-08-05 20:00:56,Not Started,Face-to-face impactful policy
Smith-Zhang,88447.64,2026-05-24 23:53:06,Completed,Exclusive fresh-thinking circuit
Schroeder-Baker,195744.79,2025-07-04 07:01:22,Not Started,Persevering 24/7 emulation
Bennett-Sherman,33177.46,2026-09-15 09:54:32,Completed,Centralized holistic array
"Jensen, Johnson and Patterson",67474.19,2025-08-26 18:03:41,Not Started,Open-source content-based concept
Morgan Group,286682.0,2025-04-08 03:12:43,Not Started,Customer-focused motivating superstructure
Nelson Inc,60720.45,2025-04-05 17:31:06,In Progress,De-engineered hybrid task-force
Mcneil-Carter,286916.85,2026-04-03 21:02:29,Not Started,Digitized eco-centric standardization
"Mejia, Morris and Cisneros",398673.6,2026-04-25 11:24:09,Cancelled,Enterprise-wide executive protocol
Sullivan PLC,304266.44,2026-07-06 16:12:56,In Progress,Exclusive client-server hierarchy
Miller-Sanchez,188827.07,2025-06-09 03:17:06,Completed,Cloned next generation Graphical User Interface
"Yang, Walker and Miller",183206.01,2026-09-24 04:37:36,Not Started,Synergized bi-directional projection
Smith-Fernandez,396732.81,2025-08-13 14:15:45,Not Started,Innovative next generation groupware
"Lewis, Jennings and Clark",421304.76,2024-12-14 15:18:37,Cancelled,Reactive bifurcated application
Miller Inc,87948.27,2025-06-21 15:39:21,Not Started,Reverse-engineered modular synergy
Pierce-Joyce,71451.8,2025-05-03 17:35:28,Not Started,Monitored web-enabled hub
Case-Palmer,199027.16,2025-12-10 03:41:16,Cancelled,Self-enabling zero-defect help-desk
Stevenson-Hawkins,403388.8,2025-07-21 14:32:11,Cancelled,Diverse hybrid model
Henry-Edwards,363561.93,2025-01-24 14:31:22,In Progress,Managed holistic structure
"Clark, Flores and Lawrence",226896.3,2025-08-20 10:59:21,Cancelled,Cross-group global strategy
Sullivan LLC,268713.32,2026-03-12 10:38:20,Completed,Assimilated high-level interface
"Wood, Taylor and Mathis",105793.42,2025-09-30 00:39:47,In Progress,Implemented exuding extranet
Mack-Bird,379960.96,2026-11-26 01:24:34,Not Started,Expanded object-oriented solution
Price-Smith,382418.48,2025-08-27 10:15:39,Completed,Multi-tiered systematic contingency
"Mcmillan, Castillo and Taylor",13161.74,2026-10-25 19:21:34,Completed,Multi-channeled human-resource concept
"Houston, Walker and Espinoza",354970.58,2024-12-21 13:50:29,Cancelled,Switchable tangible monitoring
"Cisneros, Smith and Dominguez",411675.66,2026-06-28 11:55:46,In Progress,Sharable incremental moderator
Davis-Perez,18711.28,2025-08-02 21:12:16,Completed,Operative national task-force
King and Sons,200505.58,2026-02-13 18:57:49,Completed,Multi-channeled dynamic database
Lam and Sons,54444.26,2025-03-17 23:44:26,On Hold,Adaptive homogeneous knowledgebase
Mueller-Hall,436528.38,2026-09-09 09:00:27,On Hold,Exclusive value-added service-desk
"Cervantes, Crawford and Hammond",437023.97,2025-02-08 08:35:42,On Hold,Exclusive empowering alliance
Ryan Ltd,368244.65,2024-12-01 13:24:32,In Progress,Adaptive tertiary info-mediaries
"Brooks, Bishop and Schroeder",182348.86,2026-06-15 08:50:41,Not Started,Centralized asynchronous collaboration
Smith-Griffith,52945.84,2026-02-16 23:53:53,Not Started,Assimilated mobile attitude
"Bell, Lozano and Smith",225570.02,2026-03-15 14:06:11,On Hold,Reverse-engineered asynchronous portal
"Riley, Perez and Henson",387989.02,2026-09-19 03:00:18,On Hold,Re-engineered composite forecast
Robles-Ramirez,465946.96,2026-09-25 20:26:26,In Progress,Networked motivating monitoring
Flores-Garcia,333985.77,2026-01-04 20:28:44,Completed,Fundamental 5thgeneration customer loyalty
"Miller, Proctor and Liu",152541.11,2025-09-27 18:34:02,Completed,Synchronized hybrid software
"Lee, Bates and Nunez",284833.91,2025-10-07 12:26:32,In Progress,Multi-lateral fault-tolerant circuit
Roberts Ltd,463231.14,2026-06-07 12:05:44,In Progress,Centralized didactic focus group
"Pearson, Stone and Harris",277320.87,2026-07-15 21:06:42,In Progress,Enterprise-wide homogeneous capacity
Hughes-Conway,405399.53,2025-06-04 17:52:47,Cancelled,Triple-buffered non-volatile extranet
Kim-Dunlap,190356.78,2025-08-10 09:28:03,Completed,Ergonomic stable project
"Gonzales, Martin and Powell",222195.93,2025-04-17 09:42:40,Cancelled,User-centric discrete knowledge user
Franklin and Sons,342282.41,2026-11-01 05:56:28,Completed,Business-focused homogeneous ability
Porter Inc,397527.43,2025-07-22 03:56:44,Cancelled,Optional even-keeled approach
Smith Ltd,131007.1,2025-03-13 15:43:27,Not Started,Re-contextualized actuating attitude
Chambers Inc,401398.74,2026-08-16 18:32:28,Cancelled,Object-based executive instruction set
"Lewis, Williams and Ward",483317.85,2025-10-07 16:00:40,On Hold,Enterprise-wide didactic array
Kent Inc,254035.97,2025-05-10 11:37:17,On Hold,Re-engineered incremental alliance
