supplierName,contactInfo
Garcia-Kim,sjackson@hotmail.com
Martin Ltd,johnsonbrian@underwood.net
Gonzalez Inc,charles75@yahoo.com
"Spencer, Carter and Miller",jamie28@hotmail.com
Howe and Sons,sotojohn@hotmail.com
Baldwin-Hansen,esanders@yahoo.com
Hall-Gonzalez,josephwatson@thomas.com
Mcdaniel Group,clayton55@ramirez.org
Taylor PLC,kimberly27@gmail.com
Reynolds PLC,amandaanderson@williams.org
Gonzalez-Hughes,valdezdennis@yahoo.com
Kim-Olsen,randytownsend@blair-freeman.com
"Johnson, Jenkins and Wilson",kelsey79@bailey-mcintosh.com
Hubbard-Chase,nstephens@yahoo.com
"Bush, Craig and Bryant",dale89@gmail.com
"Johnson, Bailey and Pearson",lawsonnicholas@humphrey.com
"Hunt, Smith and Waters",warddavid@coleman.com
"Hernandez, Martin and Christensen",manningtommy@johnson.com
Robinson-Lewis,llandry@richard-wallace.info
Brown-Chaney,davisolivia@yahoo.com
Garcia PLC,bortiz@perez.net
Barajas Inc,woodjames@yahoo.com
Hill Inc,bendereric@gmail.com
Duran-Wright,jacksonmelissa@hotmail.com
"Flores, Ellis and Madden",sandra93@perez-murray.org
Lewis-Wilson,brian87@osborne.info
Delacruz-Macias,cheryl90@gmail.com
Martinez Group,erikkelly@martin.net
Flynn-Ibarra,vmoon@yahoo.com
"Warren, Anderson and Decker",paulsolomon@gmail.com
"Turner, Little and Ramirez",kellyherman@gmail.com
Turner LLC,susankelley@yahoo.com
Williamson and Sons,hernandezmary@hotmail.com
"Turner, Dennis and Rhodes",jason39@yahoo.com
Chambers Ltd,nsmith@gmail.com
Coleman and Sons,pgreen@bailey-mcdonald.com
Lane-Vazquez,joseph64@hicks-anderson.com
Hale Inc,margaret65@wheeler.com
Church and Sons,walkermichael@peters.org
Moore-Hawkins,woodsarah@reyes.org
"Hensley, Hawkins and Richards",youngmarissa@smith.com
Beck-Whitaker,silvalawrence@juarez.info
"Williamson, Johnson and Davis",scott68@wilson-james.net
Anderson-Mckay,edwardrobinson@benson-roberts.com
Schroeder and Sons,roserobert@richardson.com
Carr PLC,rhonda38@cummings-robinson.com
"Carson, Maldonado and Henry",anthonycallahan@cisneros.com
Campbell-Shepherd,whubbard@james.biz
Adams-Black,zwalker@young.com
Stanley PLC,slara@hotmail.com
Baker Group,gardnerryan@yahoo.com
Richards-Wade,dawn71@salas.com
Larsen-Figueroa,ureed@jones.biz
Wheeler-Boone,shannoncarson@jacobs.com
Schwartz-Lawrence,robertwilliams@hotmail.com
Jimenez Inc,colexavier@williams.com
"Oliver, Peck and Thornton",cperkins@diaz-bennett.com
"Hernandez, Myers and Welch",htrujillo@dickson.com
"Craig, Peterson and Montgomery",april90@yahoo.com
Hill Group,alexandermarissa@hotmail.com
Nguyen LLC,dana15@hotmail.com
"Reid, Hubbard and Cunningham",andreawheeler@porter.com
Johnson Group,ojohnston@elliott.com
Arias Inc,haleyholmes@hotmail.com
Roberts-Barrett,cruzdale@hunter.com
Owen-Mcpherson,jenniferduran@yahoo.com
Erickson-Boyd,shannonbradley@hotmail.com
"Carter, Melendez and Stanley",juliegomez@hebert.info
"Thompson, Singh and Martin",stephanie34@hotmail.com
Kramer Inc,lorizhang@yahoo.com
Jensen-Martin,michaeledwards@hotmail.com
"Lewis, Branch and Clayton",kevin31@gmail.com
"Li, Smith and Sims",meganallen@gmail.com
Johnson Ltd,morriscrystal@smith-shields.net
Williams and Sons,susanoconnor@gmail.com
Cox-Medina,kleinandrew@yahoo.com
Robinson LLC,dawndavis@yahoo.com
Baker Inc,mario20@russell-ortiz.net
"Wheeler, Wagner and Smith",likrystal@brown.com
Heath LLC,krystal51@gmail.com
Roberts and Sons,whiteheadscott@gmail.com
Lewis-Valenzuela,laura80@moran.org
"Phillips, James and Moore",eharrison@morris.com
"Wong, Rodriguez and Mcguire",lori84@yahoo.com
"Hale, Dominguez and Reid",bakerwilliam@cochran.com
"Rivera, Thomas and Farmer",terrencemcgee@potter-hartman.com
Wright-Johnston,waynesmith@cook.net
Murray Inc,dustinlewis@james.com
Johnson Ltd,william53@boyer.com
"Davis, Smith and Casey",esteele@gmail.com
Mcfarland-Johnson,baxterandrea@morris.org
Roth-Long,nharris@riley-kennedy.com
"Levine, Moore and Patterson",janicejimenez@alvarado-keller.biz
Johnson Group,david67@yahoo.com
"White, Conner and May",andresvasquez@hart.net
Wheeler-Nunez,rangelalex@gmail.com
"Wilcox, Thomas and Washington",nriley@hotmail.com
Ryan-Mitchell,patrick09@hotmail.com
Kelley Group,hjordan@gmail.com
"Dennis, Leon and Hill",thomas75@gmail.com
